dependency,repo,weight
djc/rustc-version-rs,0xmiden/miden-vm,0.0035574906037868057
rustcrypto/sponges,0xmiden/miden-vm,0.052934505798103555
luser/strip-ansi-escapes,0xmiden/miden-vm,0.0003227282664218554
rustcrypto/formats,0xmiden/miden-vm,0.14389090520944486
stebalien/term,0xmiden/miden-vm,0.0035574906037868057
xudong-huang/generator-rs,0xmiden/miden-vm,0.0035574906037868057
kokakiwi/rust-hex,0xmiden/miden-vm,0.0035574906037868057
rust-num/num,0xmiden/miden-vm,0.0035574906037868057
rustcrypto/aeads,0xmiden/miden-vm,0.052934505798103555
alacritty/vte,0xmiden/miden-vm,0.0035574906037868057
ssheldon/rust-block,0xmiden/miden-vm,0.0035574906037868057
rustcrypto/kdfs,0xmiden/miden-vm,0.052934505798103555
rustcrypto/utils,0xmiden/miden-vm,0.09645295820410486
eminence/terminal-size,0xmiden/miden-vm,0.001598483567856275
burntsushi/walkdir,0xmiden/miden-vm,0.0035574906037868057
rustcrypto/macs,0xmiden/miden-vm,0.052934505798103555
burntsushi/memchr,0xmiden/miden-vm,0.0035574906037868057
facebook/winterfell,0xmiden/miden-vm,0.0035574906037868057
assert-rs/predicates-rs,0xmiden/miden-vm,0.0035574906037868057
rustcrypto/universal-hashes,0xmiden/miden-vm,0.14389090520944486
rust-lang/regex,0xmiden/miden-vm,0.0035574906037868057
hawkw/matchers,0xmiden/miden-vm,0.0035574906037868057
rust-num/num-bigint,0xmiden/miden-vm,0.009670262063187472
rust-random/rngs,0xmiden/miden-vm,0.000877266382144619
rustcrypto/traits,0xmiden/miden-vm,0.052934505798103555
qnnokabayashi/tracing-forest,0xmiden/miden-vm,0.0035574906037868057
mitsuhiko/insta,0xmiden/miden-vm,0.0035574906037868057
rust-random/rand,0xmiden/miden-vm,0.000877266382144619
rust-pretty-assertions/rust-pretty-assertions,0xmiden/miden-vm,0.0035574906037868057
andrewhickman/fs-err,0xmiden/miden-vm,0.0035574906037868057
la10736/rstest,0xmiden/miden-vm,0.0019523922386533628
rust-cli/env_logger,0xmiden/miden-vm,0.001308727655293747
assert-rs/assert_cmd,0xmiden/miden-vm,0.0035574906037868057
dtolnay/semver,0xmiden/miden-vm,0.0035574906037868057
kkawakam/rustyline,0xmiden/miden-vm,0.0035574906037868057
frondeus/test-case,0xmiden/miden-vm,0.0019523922386533628
dtolnay/serde-untagged,0xmiden/miden-vm,0.0035574906037868057
rust-itertools/itertools,0xmiden/miden-vm,0.0035574906037868057
crate-ci/escargot,0xmiden/miden-vm,0.0035574906037868057
clap-rs/clap,0xmiden/miden-vm,0.0019523922386533628
jeltef/derive_more,0xmiden/miden-vm,0.001598483567856275
proptest-rs/proptest,0xmiden/miden-vm,0.0019523922386533628
tokio-rs/loom,0xmiden/miden-vm,0.0035574906037868057
rust-lang/log,0xmiden/miden-vm,0.0035574906037868057
rust-num/num-derive,0xmiden/miden-vm,0.0035574906037868057
tokio-rs/tracing,0xmiden/miden-vm,0.0035574906037868057
zesterer/pollster,0xmiden/miden-vm,0.0035574906037868057
dtolnay/quote,0xmiden/miden-vm,0.0035574906037868057
bheisler/criterion.rs,0xmiden/miden-vm,0.0035574906037868057
manishearth/elsa,0xmiden/miden-vm,0.0035574906037868057
servo/rust-smallvec,0xmiden/miden-vm,0.0035574906037868057
dtolnay/proc-macro2,0xmiden/miden-vm,0.0019523922386533628
dtolnay/thiserror,0xmiden/miden-vm,0.0035574906037868057
0xpolygonmiden/miden-formatting,0xmiden/miden-vm,0.0035574906037868057
lalrpop/lalrpop,0xmiden/miden-vm,0.0035574906037868057
gfx-rs/metal-rs,0xmiden/miden-vm,0.0035574906037868057
0xpolygonmiden/miden-gpu,0xmiden/miden-vm,0.0035574906037868057
0xpolygonmiden/miette,0xmiden/miden-vm,0.0035574906037868057
serde-rs/serde,0xmiden/miden-vm,0.0035574906037868057
dtolnay/paste,0xmiden/miden-vm,0.001598483567856275
burntsushi/aho-corasick,0xmiden/miden-vm,0.0035574906037868057
serde-rs/json,0xmiden/miden-vm,0.0035574906037868057
rayon-rs/rayon,0xmiden/miden-vm,0.0035574906037868057
rust-num/num-traits,0xmiden/miden-vm,0.0035574906037868057
tokio-rs/tokio,0xmiden/miden-vm,0.14389090520944486
amanieu/parking_lot,0xmiden/miden-vm,0.0035574906037868057
blake3-team/blake3,0xmiden/miden-vm,0.0035574906037868057
dtolnay/syn,0xmiden/miden-vm,0.0035574906037868057
0xpolygonmiden/crypto,0xmiden/miden-vm,0.01594356675682169
z3prover/z3,a16z/halmos,0.029586128236518214
uiri/toml,a16z/halmos,0.029586128236518214
theskumar/python-dotenv,a16z/halmos,0.029586128236518214
textualize/rich,a16z/halmos,0.029586128236518214
psf/requests,a16z/halmos,0.029586128236518214
ionelmc/pytest-benchmark,a16z/halmos,0.016237211443171234
ifduyue/python-xxhash,a16z/halmos,0.08042343475978653
giampaolo/psutil,a16z/halmos,0.029586128236518214
ethereum/eth-hash,a16z/halmos,0.7258225843779329
rust-pretty-assertions/rust-pretty-assertions,a16z/helios,0.0010896116021648999
dbrgn/tracing-test,a16z/helios,0.0005979915260911522
definitelytyped/definitelytyped,a16z/helios,0.0010896116021648999
rustcrypto/utils,a16z/helios,0.02954224593325646
burntsushi/rust-snappy,a16z/helios,0.0010896116021648999
rustcrypto/formats,a16z/helios,0.044071852107024384
sdroege/bytes-num-slice-cast,a16z/helios,0.0010896116021648999
stebalien/tempfile,a16z/helios,0.0010896116021648999
kokakiwi/rust-hex,a16z/helios,0.0010896116021648999
qwandor/anes-rs,a16z/helios,0.0010896116021648999
rustcrypto/block-ciphers,a16z/helios,0.016213128324522583
sigp/ethereum_hashing,a16z/helios,0.026730929533231113
chronotope/chrono,a16z/helios,0.0004895940524908608
rust-bitcoin/rust-bitcoin,a16z/helios,0.0010896116021648999
rust-lang/cc-rs,a16z/helios,0.0010896116021648999
rustcrypto/traits,a16z/helios,0.016213128324522583
rustcrypto/block-modes,a16z/helios,0.016213128324522583
modprog/derive-where,a16z/helios,0.0010896116021648999
paritytech/parity-common,a16z/helios,0.0010896116021648999
marshallpierce/rust-base64,a16z/helios,0.002961871418242994
soc/dirs-rs,a16z/helios,0.0010896116021648999
rustwasm/gloo,a16z/helios,0.003617637919557768
servo/rust-fnv,a16z/helios,0.0010896116021648999
utkarshkukreti/diff.rs,a16z/helios,0.0010896116021648999
rustcrypto/signatures,a16z/helios,0.06574747744405239
rustcrypto/aeads,a16z/helios,0.016213128324522583
rustcrypto/stream-ciphers,a16z/helios,0.016213128324522583
amanieu/atomic-rs,a16z/helios,0.0010896116021648999
rustwasm/console_error_panic_hook,a16z/helios,0.003617637919557768
uuidjs/uuid,a16z/helios,0.00040084570729834336
plotters-rs/plotters,a16z/helios,0.0010896116021648999
dtolnay/enumn,a16z/helios,0.0010896116021648999
arkworks-rs/snark,a16z/helios,0.008897953481983635
bheisler/criterion.rs,a16z/helios,0.0010896116021648999
peternator7/strum,a16z/helios,0.0010896116021648999
tokio-rs/bytes,a16z/helios,0.02954224593325646
detegr/rust-ctrlc,a16z/helios,0.0010896116021648999
dotenv-rs/dotenv,a16z/helios,0.0010896116021648999
whizsid/wasmtimer-rs,a16z/helios,0.003617637919557768
paritytech/unsigned-varint,a16z/helios,0.0010896116021648999
tokio-rs/tracing,a16z/helios,0.0010896116021648999
dtolnay/serde-yaml,a16z/helios,0.0004895940524908608
tokio-rs/axum,a16z/helios,0.0010896116021648999
microsoft/typescript,a16z/helios,0.0010896116021648999
clap-rs/clap,a16z/helios,0.0005979915260911522
rust-random/getrandom,a16z/helios,0.000268694912969414
serde-rs/json,a16z/helios,0.0010896116021648999
eyre-rs/eyre,a16z/helios,0.0010896116021648999
alloy-rs/eips,a16z/helios,0.08030415029223915
sigp/discv5,a16z/helios,0.014670245171446689
rust-random/rand,a16z/helios,0.000268694912969414
amanieu/parking_lot,a16z/helios,0.0010896116021648999
serde-rs/serde,a16z/helios,0.0010896116021648999
sigp/ethereum_ssz,a16z/helios,0.048706929254414284
tokio-rs/tokio,a16z/helios,0.044071852107024384
sergiobenitez/figment,a16z/helios,0.0010896116021648999
paritytech/jsonrpsee,a16z/helios,0.0010896116021648999
libp2p/rust-libp2p,a16z/helios,0.014670245171446689
alloy-rs/core,a16z/helios,0.012010980877057183
rreverser/serde-wasm-bindgen,a16z/helios,0.003617637919557768
zkcrypto/bls12_381,a16z/helios,0.11979971472905876
alloy-rs/trie,a16z/helios,0.06574747744405239
alloy-rs/alloy,a16z/helios,0.17872017320318856
alloy-rs/rlp,a16z/helios,0.06574747744405239
rustwasm/wasm-bindgen,a16z/helios,0.003617637919557768
alloy-rs/op-alloy,a16z/helios,0.012010980877057183
open-telemetry/opentelemetry-go,aestus-relay/mev-boost-relay,0.0017297267892021964
klauspost/cpuid,aestus-relay/mev-boost-relay,0.0017297267892021964
microsoft/go-winio,aestus-relay/mev-boost-relay,0.0017297267892021964
cespare/xxhash,aestus-relay/mev-boost-relay,0.00470188489928714
rsc/tmplfunc,aestus-relay/mev-boost-relay,0.0017297267892021964
uber-go/multierr,aestus-relay/mev-boost-relay,0.0017297267892021964
deckarep/golang-set,aestus-relay/mev-boost-relay,0.0017297267892021964
tdewolff/minify,aestus-relay/mev-boost-relay,0.0017297267892021964
tidwall/gjson,aestus-relay/mev-boost-relay,0.0017297267892021964
open-telemetry/opentelemetry-go-instrumentation,aestus-relay/mev-boost-relay,0.0017297267892021964
stretchr/testify,aestus-relay/mev-boost-relay,0.0009492941891777246
go-gorp/gorp,aestus-relay/mev-boost-relay,0.0017297267892021964
alicebob/miniredis,aestus-relay/mev-boost-relay,0.0017297267892021964
aohorodnyk/mimeheader,aestus-relay/mev-boost-relay,0.0017297267892021964
btcsuite/btcd,aestus-relay/mev-boost-relay,0.0017297267892021964
prometheus/client_golang,aestus-relay/mev-boost-relay,0.0017297267892021964
ethereum/c-kzg-4844,aestus-relay/mev-boost-relay,0.2837130870726792
uber-go/zap,aestus-relay/mev-boost-relay,0.0017297267892021964
bradfitz/gomemcache,aestus-relay/mev-boost-relay,0.0017297267892021964
primev/mev-commit,aestus-relay/mev-boost-relay,0.0017297267892021964
nytimes/gziphandler,aestus-relay/mev-boost-relay,0.0017297267892021964
r3labs/sse,aestus-relay/mev-boost-relay,0.0017297267892021964
spf13/cobra,aestus-relay/mev-boost-relay,0.0009492941891777246
pkg/errors,aestus-relay/mev-boost-relay,0.0017297267892021964
uber-go/atomic,aestus-relay/mev-boost-relay,0.0017297267892021964
sirupsen/logrus,aestus-relay/mev-boost-relay,0.0017297267892021964
rubenv/sql-migrate,aestus-relay/mev-boost-relay,0.0017297267892021964
flashbots/go-utils,aestus-relay/mev-boost-relay,0.0017297267892021964
gorilla/mux,aestus-relay/mev-boost-relay,0.0017297267892021964
buger/jsonparser,aestus-relay/mev-boost-relay,0.0017297267892021964
goccy/go-json,aestus-relay/mev-boost-relay,0.001159470540967095
redis/go-redis,aestus-relay/mev-boost-relay,0.0017297267892021964
jmoiron/sqlx,aestus-relay/mev-boost-relay,0.0017297267892021964
lib/pq,aestus-relay/mev-boost-relay,0.0017297267892021964
decred/dcrd,aestus-relay/mev-boost-relay,0.0017297267892021964
holiman/uint256,aestus-relay/mev-boost-relay,0.12748050752086607
attestantio/go-builder-client,aestus-relay/mev-boost-relay,0.0009492941891777246
flashbots/go-boost-utils,aestus-relay/mev-boost-relay,0.0017297267892021964
attestantio/go-eth2-client,aestus-relay/mev-boost-relay,0.0009492941891777246
ferranbt/fastssz,aestus-relay/mev-boost-relay,0.008567392872263331
ethereum/go-ethereum,aestus-relay/mev-boost-relay,0.5169589498719582
xacrimon/dashmap,alloy-rs/alloy,0.021389059983591564
trezor/trezor-firmware,alloy-rs/alloy,0.021389059983591564
tokio-rs/bytes,alloy-rs/alloy,0.5799138601874108
summa-tx/coins,alloy-rs/alloy,0.021389059983591564
summa-tx/bitcoins-rs,alloy-rs/alloy,0.021389059983591564
stebalien/tempfile,alloy-rs/alloy,0.021389059983591564
smithy-lang/smithy-rs,alloy-rs/alloy,0.021389059983591564
rustwasm/wasm-bindgen,alloy-rs/alloy,0.07101418001294947
rust-fuzz/arbitrary,alloy-rs/alloy,0.021389059983591564
roynalnaruto/eth-keystore-rs,alloy-rs/alloy,0.021389059983591564
najamelan/ws_stream_wasm,alloy-rs/alloy,0.07101418001294947
kotauskas/interprocess,alloy-rs/alloy,0.021389059983591564
iqlusioninc/yubihsm.rs,alloy-rs/alloy,0.021389059983591564
hyperium/http,alloy-rs/alloy,0.021389059983591564
boinkor-net/governor,alloy-rs/alloy,0.021389059983591564
awslabs/aws-sdk-rust,alloy-rs/alloy,0.021389059983591564
yaml/pyyaml,apeworx/ape,0.002838614625044248
xonsh/lazyasd,apeworx/ape,0.002838614625044248
urllib3/urllib3,apeworx/ape,0.002838614625044248
uiri/toml,apeworx/ape,0.002838614625044248
tqdm/tqdm,apeworx/ape,0.002838614625044248
textualize/rich,apeworx/ape,0.002838614625044248
sqlalchemy/sqlalchemy,apeworx/ape,0.002838614625044248
pytest-dev/pytest,apeworx/ape,0.001557864736610965
pytest-dev/pluggy,apeworx/ape,0.001557864736610965
pypa/packaging,apeworx/ape,0.002838614625044248
pydantic/pydantic-settings,apeworx/ape,0.002838614625044248
pydantic/pydantic,apeworx/ape,0.002838614625044248
psf/requests,apeworx/ape,0.002838614625044248
prettier/prettier,apeworx/ape,0.0008549742949126531
pandas-dev/pandas,apeworx/ape,0.002838614625044248
pallets/click,apeworx/ape,0.002838614625044248
numpy/numpy,apeworx/ape,0.002838614625044248
nomicfoundation/hardhat,apeworx/ape,0.4212877639775928
ipython/traitlets,apeworx/ape,0.002838614625044248
ipython/ipython,apeworx/ape,0.002838614625044248
icrar/ijson,apeworx/ape,0.002838614625044248
gristlabs/asttokens,apeworx/ape,0.002838614625044248
gorakhargosh/watchdog,apeworx/ape,0.002838614625044248
ethereum/web3.py,apeworx/ape,0.17128282285324767
ethereum/py-trie,apeworx/ape,0.10388828354262243
ethereum/py-geth,apeworx/ape,0.02561853531071547
ethereum/hexbytes,apeworx/ape,0.02561853531071547
ethereum/eth-utils,apeworx/ape,0.02561853531071547
ethereum/eth-typing,apeworx/ape,0.02561853531071547
ethereum/eth-account,apeworx/ape,0.02561853531071547
ethereum/eth-abi,apeworx/ape,0.08505653262083024
dateutil/dateutil,apeworx/ape,0.002838614625044248
bobthebuidler/cchecksum,apeworx/ape,0.002838614625044248
apeworx/evmchains,apeworx/ape,0.004234715404726723
apeworx/evm-trace,apeworx/ape,0.014059750278206338
apeworx/ethpm-types,apeworx/ape,0.002838614625044248
apeworx/eth-pydantic-types,apeworx/ape,0.002838614625044248
apeworx/eip712,apeworx/ape,0.002838614625044248
mitsuhiko/similar,argotorg/fe,0.00470688444992719
vorner/signal-hook,argotorg/fe,0.00470688444992719
rapidfuzz/strsim-rs,argotorg/fe,0.00470688444992719
gimli-rs/object,argotorg/fe,0.00470688444992719
gimli-rs/gimli,argotorg/fe,0.00470688444992719
djc/rustc-version-rs,argotorg/fe,0.00470688444992719
rust-lang/backtrace-rs,argotorg/fe,0.0021149395141052433
rustcrypto/traits,argotorg/fe,0.07003717787489223
rustcrypto/hashes,argotorg/fe,0.28401476139615744
rustcrypto/utils,argotorg/fe,0.1276160585321353
frommi/miniz_oxide,argotorg/fe,0.00470688444992719
oyvindln/adler2,argotorg/fe,0.00470688444992719
danaugrs/overload,argotorg/fe,0.00470688444992719
gimli-rs/addr2line,argotorg/fe,0.00470688444992719
bytecodealliance/wasmtime,argotorg/fe,0.051884817494846656
qwandor/anes-rs,argotorg/fe,0.00470688444992719
stebalien/tempfile,argotorg/fe,0.00470688444992719
rust-lang/glob,argotorg/fe,0.0021149395141052433
sanpii/dot2.rs,argotorg/fe,0.00470688444992719
smol-rs/async-compat,argotorg/fe,0.00470688444992719
rust-lang-nursery/lazy-static.rs,argotorg/fe,0.00470688444992719
bheisler/criterion.rs,argotorg/fe,0.00470688444992719
burntsushi/walkdir,argotorg/fe,0.00470688444992719
jerry73204/serde-semver,argotorg/fe,0.00470688444992719
servo/rust-smallvec,argotorg/fe,0.00470688444992719
fe-lang/dir-test,argotorg/fe,0.002583192955870073
bitflags/bitflags,argotorg/fe,0.00470688444992719
dtolnay/semver,argotorg/fe,0.00470688444992719
jeltef/derive_more,argotorg/fe,0.0021149395141052433
mitsuhiko/insta,argotorg/fe,0.00470688444992719
rust-itertools/itertools,argotorg/fe,0.00470688444992719
rustwasm/wasm-bindgen,argotorg/fe,0.015627406715568774
mre/futures-batch,argotorg/fe,0.00470688444992719
toml-rs/toml,argotorg/fe,0.00470688444992719
servo/rust-url,argotorg/fe,0.00470688444992719
rust-analyzer/smol_str,argotorg/fe,0.00470688444992719
dtolnay/anyhow,argotorg/fe,0.00470688444992719
dtolnay/thiserror,argotorg/fe,0.00470688444992719
mzabaluev/unwrap-infallible,argotorg/fe,0.00470688444992719
rayon-rs/either,argotorg/fe,0.00470688444992719
rust-lang/rustc-hash,argotorg/fe,0.012794638468893529
clap-rs/clap,argotorg/fe,0.002583192955870073
pyros2097/rust-embed,argotorg/fe,0.00470688444992719
rust-num/num-traits,argotorg/fe,0.00470688444992719
rust-lang/futures-rs,argotorg/fe,0.00470688444992719
tower-rs/tower,argotorg/fe,0.00470688444992719
serde-rs/json,argotorg/fe,0.00470688444992719
micahscopes/act-locally,argotorg/fe,0.00470688444992719
rust-num/num-bigint,argotorg/fe,0.012794638468893529
oxalica/async-lsp,argotorg/fe,0.00470688444992719
async-rs/async-std,argotorg/fe,0.00470688444992719
gankra/thin-vec,argotorg/fe,0.00470688444992719
camino-rs/camino,argotorg/fe,0.00470688444992719
tokio-rs/tokio,argotorg/fe,0.19038078793387347
indexmap-rs/indexmap,argotorg/fe,0.00470688444992719
indexmap-rs/ordermap,argotorg/fe,0.00470688444992719
maciejhirsz/logos,argotorg/fe,0.00470688444992719
dtolnay/paste,argotorg/fe,0.0021149395141052433
rust-lang/ena,argotorg/fe,0.00470688444992719
salsa-rs/salsa,argotorg/fe,0.00470688444992719
rust-analyzer/rowan,argotorg/fe,0.00470688444992719
wsddn/go-ecdh,argotorg/hevm,0.003215914276096389
steakknife/hamming,argotorg/hevm,0.003215914276096389
steakknife/bloomfilter,argotorg/hevm,0.003215914276096389
spaolacci/murmur3,argotorg/hevm,0.003215914276096389
rs/xhandler,argotorg/hevm,0.003215914276096389
robertkrimen/otto,argotorg/hevm,0.003215914276096389
pborman/uuid,argotorg/hevm,0.001183068746745603
oneofone/xxhash,argotorg/hevm,0.008741761338594839
ethereum/go-ethereum,argotorg/hevm,0.9611319414297921
elastic/gosigar,argotorg/hevm,0.003215914276096389
aws/aws-sdk-go,argotorg/hevm,0.003215914276096389
aristanetworks/goarista,argotorg/hevm,0.003215914276096389
z3prover/z3,argotorg/solidity,0.005148686751595909
taminomara/sphinx-a4doc,argotorg/solidity,0.005148686751595909
sphinx-doc/sphinx,argotorg/solidity,0.005148686751595909
readthedocs/sphinx_rtd_theme,argotorg/solidity,0.005148686751595909
protocolbuffers/protobuf,argotorg/solidity,0.013995581637290989
nlohmann/json,argotorg/solidity,0.005148686751595909
fmtlib/fmt,argotorg/solidity,0.005148686751595909
ethereum/hevm,argotorg/solidity,0.23015239638130242
ethereum/evmone,argotorg/solidity,0.23015239638130242
ethereum/evmc,argotorg/solidity,0.23015239638130242
ethdebug/format,argotorg/solidity,0.25435773520603444
ericniebler/range-v3,argotorg/solidity,0.005148686751595909
boostorg/boost,argotorg/solidity,0.005148686751595909
googlecloudplatform/cloud-sql-nodejs-connector,argotorg/sourcify,0.002633055521748386
mihneadb/node-directory-tree,argotorg/sourcify,0.002633055521748386
commitizen/cz-conventional-changelog,argotorg/sourcify,0.002633055521748386
tschaub/gh-pages,argotorg/sourcify,0.002633055521748386
definitelytyped/definitelytyped,argotorg/sourcify,0.002633055521748386
isaacs/rimraf,argotorg/sourcify,0.002633055521748386
trentm/node-bunyan,argotorg/sourcify,0.002633055521748386
db-migrate/node-db-migrate,argotorg/sourcify,0.002633055521748386
sindresorhus/open-cli,argotorg/sourcify,0.002633055521748386
domenic/sinon-chai,argotorg/sourcify,0.0007930610827940771
prettier/eslint-config-prettier,argotorg/sourcify,0.0001073291462638712
adamgruber/mochawesome,argotorg/sourcify,0.0009686469939141767
expressjs/serve-index,argotorg/sourcify,0.002633055521748386
pkrumins/node-tree-kill,argotorg/sourcify,0.002633055521748386
chaijs/chai-as-promised,argotorg/sourcify,0.0007930610827940771
calvinmetcalf/copyfiles,argotorg/sourcify,0.002633055521748386
scottie1984/swagger-ui-express,argotorg/sourcify,0.002633055521748386
db-migrate/pg,argotorg/sourcify,0.002633055521748386
chaijs/chai-http,argotorg/sourcify,0.0007930610827940771
roccomuso/memorystore,argotorg/sourcify,0.002633055521748386
prettymuchbryce/http-status-codes,argotorg/sourcify,0.002633055521748386
sinonjs/sinon,argotorg/sourcify,0.002633055521748386
streetsidesoftware/cspell,argotorg/sourcify,0.002633055521748386
voxpelli/node-connect-pg-simple,argotorg/sourcify,0.002633055521748386
tj/commander.js,argotorg/sourcify,0.002633055521748386
cryptocoinjs/bs58,argotorg/sourcify,0.011800536153413033
richardgirges/express-fileupload,argotorg/sourcify,0.002633055521748386
bcomnes/npm-run-all2,argotorg/sourcify,0.002633055521748386
chalk/chalk,argotorg/sourcify,0.002633055521748386
stuk/jszip,argotorg/sourcify,0.002633055521748386
winstonjs/winston,argotorg/sourcify,0.002633055521748386
uuidjs/uuid,argotorg/sourcify,0.0009686469939141767
bcoe/c8,argotorg/sourcify,0.002633055521748386
whitlockjc/json-refs,argotorg/sourcify,0.002633055521748386
nock/nock,argotorg/sourcify,0.002633055521748386
paulmillr/readdirp,argotorg/sourcify,0.002633055521748386
krzkaczor/typestrict,argotorg/sourcify,0.010677566664494246
chaijs/chai,argotorg/sourcify,0.0007930610827940771
kriszyp/cbor-x,argotorg/sourcify,0.002633055521748386
fairdatasociety/bmt-js,argotorg/sourcify,0.002633055521748386
motdotla/dotenv,argotorg/sourcify,0.002633055521748386
npm/node-semver,argotorg/sourcify,0.002633055521748386
typestrong/ts-node,argotorg/sourcify,0.002633055521748386
jeremyfa/yaml.js,argotorg/sourcify,0.002633055521748386
prettier/prettier,argotorg/sourcify,0.0007930610827940771
expressjs/cors,argotorg/sourcify,0.002633055521748386
eslint/eslint,argotorg/sourcify,0.00019556645523726248
mochajs/mocha,argotorg/sourcify,0.0009686469939141767
piscinajs/piscina,argotorg/sourcify,0.002633055521748386
shazow/whatsabi,argotorg/sourcify,0.10649999808511303
node-config/node-config,argotorg/sourcify,0.002633055521748386
nomicfoundation/hardhat,argotorg/sourcify,0.39078008807516107
typescript-eslint/typescript-eslint,argotorg/sourcify,0.00019556645523726248
cdimascio/express-openapi-validator,argotorg/sourcify,0.002633055521748386
aws/aws-sdk-js-v3,argotorg/sourcify,0.002633055521748386
expressjs/express,argotorg/sourcify,0.002633055521748386
expressjs/session,argotorg/sourcify,0.002633055521748386
lerna/lerna,argotorg/sourcify,0.002633055521748386
ethers-io/ethers.js,argotorg/sourcify,0.319943675797657
brianc/node-postgres,argotorg/sourcify,0.002633055521748386
solidity-parser/parser,argotorg/sourcify,0.010677566664494246
microsoft/typescript,argotorg/sourcify,0.002633055521748386
ethereum/solc-js,argotorg/sourcify,0.023763361628538742
tkaitchuck/ahash,arkworks-rs/algebra,0.041149571540623195
servo/rust-fnv,arkworks-rs/algebra,0.015138081382808748
rustcrypto/hashes,arkworks-rs/algebra,0.9134361843109505
rust-itertools/itertools,arkworks-rs/algebra,0.015138081382808748
kokakiwi/rust-hex,arkworks-rs/algebra,0.015138081382808748
mackwic/colored,axiom-crypto/snark-verifier,0.00048690218255349136
bitflags/bitflags,axiom-crypto/snark-verifier,0.0016165721760132068
tspiteri/az,axiom-crypto/snark-verifier,0.0016165721760132068
paritytech/parity-common,axiom-crypto/snark-verifier,0.0016165721760132068
burntsushi/ucd-generate,axiom-crypto/snark-verifier,0.0016165721760132068
rustcrypto/traits,axiom-crypto/snark-verifier,0.024054160292970427
mvdnes/spin-rs,axiom-crypto/snark-verifier,0.0016165721760132068
kornelski/rust-rgb,axiom-crypto/snark-verifier,0.0016165721760132068
rustcrypto/signatures,axiom-crypto/snark-verifier,0.09754443002253012
lambda-fairy/rust-errno,axiom-crypto/snark-verifier,0.0016165721760132068
rustcrypto/macs,axiom-crypto/snark-verifier,0.024054160292970427
arkworks-rs/std,axiom-crypto/snark-verifier,0.032469720130311096
kokakiwi/rust-hex,axiom-crypto/snark-verifier,0.0016165721760132068
frondeus/test-case,axiom-crypto/snark-verifier,0.0008871936207818886
rust-num/num,axiom-crypto/snark-verifier,0.0016165721760132068
rust-lang/cc-rs,axiom-crypto/snark-verifier,0.0016165721760132068
marshallpierce/rust-base64,axiom-crypto/snark-verifier,0.004394298770449197
jedisct1/rust-siphash,axiom-crypto/snark-verifier,0.004394298770449197
sdroege/bytes-num-slice-cast,axiom-crypto/snark-verifier,0.0016165721760132068
rustcrypto/hashes,axiom-crypto/snark-verifier,0.09754443002253012
ratatui/ratatui,axiom-crypto/snark-verifier,0.00048690218255349136
tkaitchuck/ahash,axiom-crypto/snark-verifier,0.004394298770449197
mcarton/rust-derivative,axiom-crypto/snark-verifier,0.0016165721760132068
japaric/cast.rs,axiom-crypto/snark-verifier,0.0016165721760132068
cryptocorrosion/cryptocorrosion,axiom-crypto/snark-verifier,0.0072449738526510115
rustcrypto/utils,axiom-crypto/snark-verifier,0.04382953769742828
arkworks-rs/algebra,axiom-crypto/snark-verifier,0.26515325159763853
tikv/pprof-rs,axiom-crypto/snark-verifier,0.0016165721760132068
jbaublitz/getset,axiom-crypto/snark-verifier,0.0016165721760132068
crossterm-rs/crossterm,axiom-crypto/snark-verifier,0.0016165721760132068
rust-itertools/itertools,axiom-crypto/snark-verifier,0.0016165721760132068
jonasbb/serde_with,axiom-crypto/snark-verifier,0.0016165721760132068
magiclen/educe,axiom-crypto/snark-verifier,0.0016165721760132068
dtolnay/paste,axiom-crypto/snark-verifier,0.0007263727012687372
akhilles/crc-catalog,axiom-crypto/snark-verifier,0.0016165721760132068
serde-rs/json,axiom-crypto/snark-verifier,0.0016165721760132068
bheisler/criterion.rs,axiom-crypto/snark-verifier,0.0016165721760132068
bincode-org/bincode,axiom-crypto/snark-verifier,0.0016165721760132068
rust-lang-nursery/lazy-static.rs,axiom-crypto/snark-verifier,0.0016165721760132068
rust-num/num-integer,axiom-crypto/snark-verifier,0.0016165721760132068
rust-num/num-bigint,axiom-crypto/snark-verifier,0.004394298770449197
rayon-rs/rayon,axiom-crypto/snark-verifier,0.0016165721760132068
rust-num/num-traits,axiom-crypto/snark-verifier,0.0016165721760132068
serde-rs/serde,axiom-crypto/snark-verifier,0.0016165721760132068
zkcrypto/pairing,axiom-crypto/snark-verifier,0.029379817727060924
rust-random/rand,axiom-crypto/snark-verifier,0.0003986417905973332
arkworks-rs/snark,axiom-crypto/snark-verifier,0.1455191898249511
danipopes/keccak-asm,axiom-crypto/snark-verifier,0.006555523434570782
bluealloy/revm,axiom-crypto/snark-verifier,0.1608235766164656
strml/async-limiter,blockscout/blockscout,0.00922208744045717
coolaj86/node-browser-compat,blockscout/blockscout,0.00922208744045717
poanetwork/eth-net-props,blockscout/blockscout,0.00922208744045717
kesla/parse-headers,blockscout/blockscout,0.00922208744045717
level/codec,blockscout/blockscout,0.00922208744045717
sudodoki/copy-to-clipboard,blockscout/blockscout,0.00922208744045717
debug-js/debug,blockscout/blockscout,0.0027776393588139136
cryptocoinjs/secp256k1-node,blockscout/blockscout,0.2500351268678493
coolaj86/node,blockscout/blockscout,0.00922208744045717
babel/babel,blockscout/blockscout,0.00922208744045717
chainsafe/web3.js,blockscout/blockscout,0.0027776393588139136
substack/https-browserify,blockscout/blockscout,0.00922208744045717
ai/nanoid,blockscout/blockscout,0.00922208744045717
fengyuanchen/viewerjs,blockscout/blockscout,0.00922208744045717
tapjs/stack-utils,blockscout/blockscout,0.00922208744045717
malihu/malihu-custom-scrollbar-plugin,blockscout/blockscout,0.00922208744045717
benmosher/eslint-plugin-import,blockscout/blockscout,0.0006849574328082218
webpack-contrib/css-minimizer-webpack-plugin,blockscout/blockscout,0.00922208744045717
mysticatea/eslint-plugin-node,blockscout/blockscout,0.0006849574328082218
isaacs/node-glob,blockscout/blockscout,0.004143750996619061
zenorocha/clipboard.js,blockscout/blockscout,0.00922208744045717
webpack-contrib/copy-webpack-plugin,blockscout/blockscout,0.00922208744045717
pikaday/pikaday,blockscout/blockscout,0.00922208744045717
webpack-contrib/style-loader,blockscout/blockscout,0.00922208744045717
yoshuawuyts/nanomorph,blockscout/blockscout,0.00922208744045717
webpack-contrib/css-loader,blockscout/blockscout,0.00922208744045717
js-cookie/js-cookie,blockscout/blockscout,0.00922208744045717
dimsemenov/photoswipe,blockscout/blockscout,0.00922208744045717
tarekraafat/autocomplete.js,blockscout/blockscout,0.00922208744045717
jhiesey/stream-http,blockscout/blockscout,0.00922208744045717
leizongmin/js-xss,blockscout/blockscout,0.00922208744045717
sweetalert2/sweetalert2,blockscout/blockscout,0.00922208744045717
chartjs/chartjs-adapter-luxon,blockscout/blockscout,0.00922208744045717
highlightjs/highlight.js,blockscout/blockscout,0.00922208744045717
eslint/js,blockscout/blockscout,0.0006849574328082218
webpack-contrib/postcss-loader,blockscout/blockscout,0.00922208744045717
fortawesome/font-awesome,blockscout/blockscout,0.00922208744045717
eslint-community/eslint-plugin-promise,blockscout/blockscout,0.0006849574328082218
mixpanel/mixpanel-js,blockscout/blockscout,0.00922208744045717
zloirock/core-js,blockscout/blockscout,0.00922208744045717
postcss/autoprefixer,blockscout/blockscout,0.00922208744045717
redux-utilities/reduce-reducers,blockscout/blockscout,0.00922208744045717
web3modal/web3modal,blockscout/blockscout,0.00922208744045717
webpack-contrib/file-loader,blockscout/blockscout,0.00922208744045717
webpack/webpack-cli,blockscout/blockscout,0.00922208744045717
webpack-contrib/mini-css-extract-plugin,blockscout/blockscout,0.00922208744045717
dropzone/dropzone,blockscout/blockscout,0.00922208744045717
moment/luxon,blockscout/blockscout,0.00922208744045717
domchristie/humps,blockscout/blockscout,0.00922208744045717
jquery/jquery,blockscout/blockscout,0.00922208744045717
eslint/eslint,blockscout/blockscout,0.0006849574328082218
jestjs/jest,blockscout/blockscout,0.0033926163740295606
browserify/stream-browserify,blockscout/blockscout,0.00922208744045717
fezvrasta/popper.js,blockscout/blockscout,0.00922208744045717
coderpuppy/os-browserify,blockscout/blockscout,0.00922208744045717
lodash/lodash,blockscout/blockscout,0.00922208744045717
moment/moment,blockscout/blockscout,0.00922208744045717
webpack-contrib/terser-webpack-plugin,blockscout/blockscout,0.00922208744045717
postcss/postcss,blockscout/blockscout,0.00922208744045717
webpack/sass-loader,blockscout/blockscout,0.00922208744045717
webpack/webpack,blockscout/blockscout,0.00922208744045717
reduxjs/redux,blockscout/blockscout,0.00922208744045717
chartjs/chart.js,blockscout/blockscout,0.00922208744045717
babel/babel-loader,blockscout/blockscout,0.00922208744045717
twbs/bootstrap,blockscout/blockscout,0.00922208744045717
ethereum/web3.js,blockscout/blockscout,0.08322946364308784
mikemcl/bignumber.js,blockscout/blockscout,0.00922208744045717
crypto-browserify/crypto-browserify,blockscout/blockscout,0.04133052848759884
ethereum/solc-js,blockscout/blockscout,0.08322946364308784
indutny/hmac-drbg,blockscout/blockscout,0.00922208744045717
paritytech/parity-common,certora/certoraprover,0.0029841337899226164
marshallpierce/rust-base64,certora/certoraprover,0.008111716654837271
rustcrypto/aeads,certora/certoraprover,0.04440311022517657
rustcrypto/macs,certora/certoraprover,0.04440311022517657
solana-labs/solana-program-library,certora/certoraprover,0.0029841337899226164
rustcrypto/sponges,certora/certoraprover,0.04440311022517657
rapidfuzz/strsim-rs,certora/certoraprover,0.0029841337899226164
anza-xyz/agave,certora/certoraprover,0.0029841337899226164
rustcrypto/utils,certora/certoraprover,0.08090774193710625
rustcrypto/block-modes,certora/certoraprover,0.04440311022517657
solana-program/libraries,certora/certoraprover,0.0029841337899226164
rust-random/rngs,certora/certoraprover,0.0007358783325904771
microsoft/windows-rs,certora/certoraprover,0.0029841337899226164
tov/feature-probe-rs,certora/certoraprover,0.0029841337899226164
rustcrypto/hashes,certora/certoraprover,0.18006349111293637
stellar/rs-soroban-env,certora/certoraprover,0.0029841337899226164
nvzqz/static-assertions-rs,certora/certoraprover,0.0029841337899226164
pandas-dev/pandas-stubs,certora/certoraprover,0.0029841337899226164
rustcrypto/universal-hashes,certora/certoraprover,0.12070016765216149
rustcrypto/password-hashes,certora/certoraprover,0.12070016765216149
servo/rust-url,certora/certoraprover,0.0029841337899226164
cryptocorrosion/cryptocorrosion,certora/certoraprover,0.013373959790722697
tov/bv-rs,certora/certoraprover,0.0029841337899226164
astanin/python-tabulate,certora/certoraprover,0.0029841337899226164
rust-lang/cc-rs,certora/certoraprover,0.0029841337899226164
rustcrypto/block-ciphers,certora/certoraprover,0.04440311022517657
dpranke/pyjson5,certora/certoraprover,0.0029841337899226164
eira-fransham/crunchy,certora/certoraprover,0.008111716654837271
rustcrypto/traits,certora/certoraprover,0.04440311022517657
chronotope/chrono,certora/certoraprover,0.001340857744613128
dalek-cryptography/subtle,certora/certoraprover,0.013373959790722697
bytecodealliance/wasm-tools,certora/certoraprover,0.03289463310974951
tqdm/tqdm,certora/certoraprover,0.0029841337899226164
rust-cli/env_logger,certora/certoraprover,0.0010978014710175505
jedisct1/rust-siphash,certora/certoraprover,0.008111716654837271
pypa/twine,certora/certoraprover,0.0029841337899226164
charmoniumq/tqdm-stubs,certora/certoraprover,0.0029841337899226164
pycqa/flake8,certora/certoraprover,0.0029841337899226164
matklad/once_cell,certora/certoraprover,0.0029841337899226164
irgeek/strenum,certora/certoraprover,0.0029841337899226164
rust-lang/getopts,certora/certoraprover,0.0029841337899226164
gimli-rs/object,certora/certoraprover,0.0029841337899226164
clap-rs/clap,certora/certoraprover,0.001637727347570899
alexcrichton/rustc-demangle,certora/certoraprover,0.0029841337899226164
facelessuser/wcmatch,certora/certoraprover,0.0029841337899226164
pallets/jinja,certora/certoraprover,0.0029841337899226164
stellar/rs-soroban-sdk,certora/certoraprover,0.0029841337899226164
pallets/click,certora/certoraprover,0.0029841337899226164
textualize/rich,certora/certoraprover,0.0029841337899226164
rust-lang/log,certora/certoraprover,0.0029841337899226164
python/mypy,certora/certoraprover,0.0029841337899226164
dabeaz/sly,certora/certoraprover,0.0029841337899226164
solana-program/token-2022,certora/certoraprover,0.0029841337899226164
agroce/universalmutator,certora/certoraprover,0.0029841337899226164
rust-random/rand,certora/certoraprover,0.0007358783325904771
python/typing_extensions,certora/certoraprover,0.0029841337899226164
razrfalcon/memmap2-rs,certora/certoraprover,0.0029841337899226164
psf/requests,certora/certoraprover,0.0029841337899226164
legrandin/pycryptodome,certora/certoraprover,0.007339784753802249
serde-rs/json,certora/certoraprover,0.0029841337899226164
gimli-rs/gimli,certora/certoraprover,0.0029841337899226164
langchain-ai/langgraph,certora/certoraprover,0.0008988038250963152
serde-rs/serde,certora/certoraprover,0.0029841337899226164
productize/symbolic-expressions,certora/certoraprover,0.0029841337899226164
rust-num/num-bigint,certora/certoraprover,0.008111716654837271
egraphs-good/egg,certora/certoraprover,0.0029841337899226164
xdissent/karma-chai,chainsafe/bls,0.006431559678462861
webpack/webpack-cli,chainsafe/bls,0.02135353012805458
webpack/webpack,chainsafe/bls,0.02135353012805458
webpack-contrib/null-loader,chainsafe/bls,0.02135353012805458
webpack-contrib/karma-webpack,chainsafe/bls,0.02135353012805458
typestrong/ts-node,chainsafe/bls,0.02135353012805458
typestrong/ts-loader,chainsafe/bls,0.02135353012805458
typescript-eslint/typescript-eslint,chainsafe/bls,0.0015860030901181969
softwareventures/resolve-typescript-plugin,chainsafe/bls,0.02135353012805458
prettier/prettier,chainsafe/bls,0.006431559678462861
prettier/eslint-plugin-prettier,chainsafe/bls,0.0008704169507379492
paulmillr/noble-hashes,chainsafe/bls,0.058044912920543514
paulmillr/noble-bls12-381,chainsafe/bls,0.12918132939545082
mysticatea/eslint-plugin-node,chainsafe/bls,0.0015860030901181969
mochajs/mocha,chainsafe/bls,0.007855524730546275
mlex/karma-spec-reporter,chainsafe/bls,0.02135353012805458
microsoft/typescript,chainsafe/bls,0.02135353012805458
karma-runner/karma-mocha,chainsafe/bls,0.007855524730546275
karma-runner/karma-cli,chainsafe/bls,0.02135353012805458
karma-runner/karma-chrome-launcher,chainsafe/bls,0.02135353012805458
karma-runner/karma,chainsafe/bls,0.02135353012805458
istanbuljs/nyc,chainsafe/bls,0.02135353012805458
herumi/bls-eth-wasm,chainsafe/bls,0.42889711782744055
feross/buffer,chainsafe/bls,0.02135353012805458
eslint/eslint,chainsafe/bls,0.0015860030901181969
definitelytyped/definitelytyped,chainsafe/bls,0.02135353012805458
chaijs/chai,chainsafe/bls,0.006431559678462861
benmosher/eslint-plugin-import,chainsafe/bls,0.0015860030901181969
andywer/threads.js,chainsafe/bls,0.02135353012805458
facebook/react,chainsafe/lodestar,0.004467464454715433
bbc/typescript-docs-verifier,chainsafe/lodestar,0.004467464454715433
dwmkerr/wait-port,chainsafe/lodestar,0.004467464454715433
winstonjs/triple-beam,chainsafe/lodestar,0.004467464454715433
evanw/node-source-map-support,chainsafe/lodestar,0.004467464454715433
browserify/path-browserify,chainsafe/lodestar,0.004467464454715433
chainsafe/benchmark,chainsafe/lodestar,0.0013455744356837902
chainsafe/biomejs-config,chainsafe/lodestar,0.0013455744356837902
isaacs/rimraf,chainsafe/lodestar,0.004467464454715433
thekashey/rewiremock,chainsafe/lodestar,0.0016434883270539957
tmpvar/jsdom,chainsafe/lodestar,0.004467464454715433
ladjs/supertest,chainsafe/lodestar,0.002451796476584284
fastify/fastify-swagger-ui,chainsafe/lodestar,0.004467464454715433
davidmyersdev/vite-plugin-node-polyfills,chainsafe/lodestar,0.004467464454715433
winstonjs/winston-daily-rotate-file,chainsafe/lodestar,0.004467464454715433
motdotla/dotenv,chainsafe/lodestar,0.004467464454715433
winstonjs/winston-transport,chainsafe/lodestar,0.004467464454715433
mysticatea/npm-run-all,chainsafe/lodestar,0.004467464454715433
vitejs/vite,chainsafe/lodestar,0.004467464454715433
axios/axios,chainsafe/lodestar,0.004467464454715433
fastify/fastify-swagger,chainsafe/lodestar,0.004467464454715433
substack/https-browserify,chainsafe/lodestar,0.004467464454715433
ljharb/qs,chainsafe/lodestar,0.004467464454715433
nodeca/js-yaml,chainsafe/lodestar,0.002007361175667794
browserify/stream-browserify,chainsafe/lodestar,0.004467464454715433
fastify/fastify-cors,chainsafe/lodestar,0.004467464454715433
hokaccha/node-jwt-simple,chainsafe/lodestar,0.004467464454715433
typestrong/ts-node,chainsafe/lodestar,0.004467464454715433
facebook/docusaurus,chainsafe/lodestar,0.004467464454715433
nbubna/case,chainsafe/lodestar,0.004467464454715433
sebhildebrandt/systeminformation,chainsafe/lodestar,0.002451796476584284
biomejs/biome,chainsafe/lodestar,0.004467464454715433
eventsource/eventsource,chainsafe/lodestar,0.004467464454715433
sboudrias/inquirer.js,chainsafe/lodestar,0.004467464454715433
fastify/fastify-bearer-auth,chainsafe/lodestar,0.004467464454715433
nodejs/node-gyp,chainsafe/lodestar,0.004467464454715433
winstonjs/winston,chainsafe/lodestar,0.004467464454715433
moxystudio/node-proper-lockfile,chainsafe/lodestar,0.004467464454715433
chainsafe/node-prometheus-gc-stats,chainsafe/lodestar,0.0013455744356837902
qmhc/vite-plugin-dts,chainsafe/lodestar,0.004467464454715433
developit/mitt,chainsafe/lodestar,0.004467464454715433
tehshrike/deepmerge,chainsafe/lodestar,0.004467464454715433
yargs/yargs,chainsafe/lodestar,0.004467464454715433
achingbrain/uint8-varint,chainsafe/lodestar,0.004467464454715433
chainsafe/web3.js,chainsafe/lodestar,0.0013455744356837902
zhipeng-jia/snappyjs,chainsafe/lodestar,0.004467464454715433
ajv-validator/ajv,chainsafe/lodestar,0.004467464454715433
jacobheun/any-signal,chainsafe/lodestar,0.004467464454715433
chainsafe/node-fast-crc32c,chainsafe/lodestar,0.0013455744356837902
nodejitsu/node-http-proxy,chainsafe/lodestar,0.004467464454715433
vitest-dev/vitest,chainsafe/lodestar,0.002451796476584284
alanshaw/it-pipe,chainsafe/lodestar,0.012143827446539659
jungomi/xxhash-wasm,chainsafe/lodestar,0.04031892701204889
fastify/fastify,chainsafe/lodestar,0.004467464454715433
lerna/lerna,chainsafe/lodestar,0.004467464454715433
ethers-io/ethers.js,chainsafe/lodestar,0.5428434711425799
chainsafe/pubkey-index-map,chainsafe/lodestar,0.0013455744356837902
no2chem/bigint-buffer,chainsafe/lodestar,0.012143827446539659
level/classic-level,chainsafe/lodestar,0.004467464454715433
multiformats/js-multiformats,chainsafe/lodestar,0.004467464454715433
achingbrain/uint8arrays,chainsafe/lodestar,0.004467464454715433
chainsafe/discv5,chainsafe/lodestar,0.006664673809378972
achingbrain/uint8arraylist,chainsafe/lodestar,0.004467464454715433
chainsafe/bls-keystore,chainsafe/lodestar,0.008140250973013321
chainsafe/js-libp2p-gossipsub,chainsafe/lodestar,0.01811646170864179
libp2p/js-libp2p,chainsafe/lodestar,0.06014877109897024
microsoft/typescript,chainsafe/lodestar,0.004467464454715433
cronokirby/persistent-ts,chainsafe/lodestar,0.004467464454715433
chainsafe/blst-ts,chainsafe/lodestar,0.06014877109897024
chainsafe/swap-or-not-shuffle,chainsafe/lodestar,0.0013455744356837902
rodrimati1992/const_format_crates,commit-boost/commit-boost-client,0.0020177841149054544
i18n-site/rust,commit-boost/commit-boost-client,0.0020177841149054544
ferrilab/ferrilab,commit-boost/commit-boost-client,0.0020177841149054544
servo/core-foundation-rs,commit-boost/commit-boost-client,0.0020177841149054544
rust-bitcoin/rust-bitcoin,commit-boost/commit-boost-client,0.0020177841149054544
billyrieger/bimap-rs,commit-boost/commit-boost-client,0.0020177841149054544
rustcrypto/formats,commit-boost/commit-boost-client,0.08161392822849013
sdroege/bytes-num-slice-cast,commit-boost/commit-boost-client,0.0020177841149054544
crate-crypto/rust-eth-kzg,commit-boost/commit-boost-client,0.06681983292016407
dtolnay/dyn-clone,commit-boost/commit-boost-client,0.0020177841149054544
mrhooray/crc-rs,commit-boost/commit-boost-client,0.0020177841149054544
iredelmeier/filesystem-rs,commit-boost/commit-boost-client,0.0020177841149054544
pelikan-io/rustcommon,commit-boost/commit-boost-client,0.0020177841149054544
rustcrypto/block-ciphers,commit-boost/commit-boost-client,0.030024086308503152
arkworks-rs/std,commit-boost/commit-boost-client,0.040528277342955055
rustcrypto/block-modes,commit-boost/commit-boost-client,0.030024086308503152
servo/rust-url,commit-boost/commit-boost-client,0.0020177841149054544
jeltef/derive_more,commit-boost/commit-boost-client,0.000906648846162653
rustcrypto/traits,commit-boost/commit-boost-client,0.030024086308503152
rustcrypto/signatures,commit-boost/commit-boost-client,0.12175367380278357
stephanbuys/docker-compose-types,commit-boost/commit-boost-client,0.0020177841149054544
rustcrypto/utils,commit-boost/commit-boost-client,0.05470745212727085
paritytech/parity-common,commit-boost/commit-boost-client,0.0020177841149054544
zkcrypto/ff,commit-boost/commit-boost-client,0.036671501828444746
arkworks-rs/algebra,commit-boost/commit-boost-client,0.02507822491833369
sigp/ethereum_serde_utils,commit-boost/commit-boost-client,0.018210528875965463
dtolnay/async-trait,commit-boost/commit-boost-client,0.0020177841149054544
marshallpierce/rust-base64,commit-boost/commit-boost-client,0.005484905893300815
nukesor/comfy-table,commit-boost/commit-boost-client,0.0006077448962979085
tokio-rs/axum,commit-boost/commit-boost-client,0.0020177841149054544
tokio-rs/bytes,commit-boost/commit-boost-client,0.05470745212727085
rust-lang/futures-rs,commit-boost/commit-boost-client,0.0020177841149054544
clap-rs/clap,commit-boost/commit-boost-client,0.0011073834013857996
mikelodder7/blsful,commit-boost/commit-boost-client,0.012206882554470503
eyre-rs/eyre,commit-boost/commit-boost-client,0.0020177841149054544
alloy-rs/alloy,commit-boost/commit-boost-client,0.33096079904623665
alloy-rs/core,commit-boost/commit-boost-client,0.022242390196659634
stretchr/testify,consensys/gnark-crypto,0.05839156223880689
spf13/pflag,consensys/gnark-crypto,0.10639636333950256
spf13/cobra,consensys/gnark-crypto,0.05839156223880689
rsc/tmplfunc,consensys/gnark-crypto,0.10639636333950256
pmezard/go-difflib,consensys/gnark-crypto,0.10639636333950256
mmcloughlin/addchain,consensys/gnark-crypto,0.03204596880636578
leanovate/gopter,consensys/gnark-crypto,0.10639636333950256
kr/pretty,consensys/gnark-crypto,0.10639636333950256
inconshreveable/mousetrap,consensys/gnark-crypto,0.10639636333950256
davecgh/go-spew,consensys/gnark-crypto,0.10639636333950256
bits-and-blooms/bitset,consensys/gnark-crypto,0.10639636333950256
xerial/snappy-java,consensys/teku,0.00414651324697749
webjars/swagger-ui,consensys/teku,0.00414651324697749
web3j/web3j,consensys/teku,0.00414651324697749
vigna/fastutil,consensys/teku,0.00414651324697749
tschaub/gh-pages,consensys/teku,0.00414651324697749
testcontainers/testcontainers-java,consensys/teku,0.00227565471915927
swagger-api/swagger-core,consensys/teku,0.00414651324697749
square/okhttp,consensys/teku,0.00414651324697749
remkop/picocli,consensys/teku,0.00414651324697749
reactor/reactor-core,consensys/teku,0.00414651324697749
quartz-scheduler/quartz,consensys/teku,0.00414651324697749
oshi/oshi,consensys/teku,0.00414651324697749
nodeca/js-yaml,consensys/teku,0.001863148501962733
node-fetch/node-fetch,consensys/teku,0.00414651324697749
mockito/mockito,consensys/teku,0.0015254169761080617
libp2p/jvm-libp2p,consensys/teku,0.055827568115969166
launchdarkly/okhttp-eventsource,consensys/teku,0.00414651324697749
jwtk/jjwt,consensys/teku,0.00414651324697749
jupnp/jupnp,consensys/teku,0.00414651324697749
junit-team/junit5,consensys/teku,0.00414651324697749
jqwik-team/jqwik,consensys/teku,0.00414651324697749
jhy/jsoup,consensys/teku,0.00414651324697749
jetbrains/kotlin,consensys/teku,0.00414651324697749
javalin/javalin,consensys/teku,0.00414651324697749
javaee/javax.annotation,consensys/teku,0.00414651324697749
java-native-access/jna,consensys/teku,0.00414651324697749
jamesdbloom/mockservice,consensys/teku,0.0015254169761080617
ionicabizau/git-url-parse,consensys/teku,0.013766908801641236
hdrhistogram/hdrhistogram,consensys/teku,0.00414651324697749
google/guava,consensys/teku,0.00414651324697749
google/error-prone,consensys/teku,0.00414651324697749
fusesource/leveldbjni,consensys/teku,0.013766908801641236
fasterxml/jackson-module-kotlin,consensys/teku,0.00414651324697749
fasterxml/jackson-dataformats-text,consensys/teku,0.00414651324697749
fasterxml/jackson-databind,consensys/teku,0.013766908801641236
facebook/rocksdb,consensys/teku,0.016814940381664124
eslint/eslint,consensys/teku,0.00030797637596615416
eclipse/vert.x,consensys/teku,0.00414651324697749
dropwizard/metrics,consensys/teku,0.00414651324697749
crate-crypto/rust-eth-kzg,consensys/teku,0.13731366022636432
consensys/tuweni,consensys/teku,0.011271391610723623
consensys/jc-kzg-4844,consensys/teku,0.08328494492465315
consensys/jblst,consensys/teku,0.5038445558872002
classgraph/classgraph,consensys/teku,0.00414651324697749
bcgit/bc-java,consensys/teku,0.00414651324697749
awaitility/awaitility,consensys/teku,0.00414651324697749
assertj/assertj,consensys/teku,0.00414651324697749
apiguardian-team/apiguardian,consensys/teku,0.00414651324697749
apache/logging-log4j2,consensys/teku,0.001863148501962733
rustcrypto/macs,cyfrin/aderyn,0.05636152669595396
rust-windowing/android-ndk-rs,cyfrin/aderyn,0.0037878053003966797
bkchr/impl-trait-for-tuples,cyfrin/aderyn,0.0037878053003966797
recmo/uint,cyfrin/aderyn,0.0037878053003966797
wvwwvwwv/scalable-delayed-dealloc,cyfrin/aderyn,0.0037878053003966797
rustcrypto/traits,cyfrin/aderyn,0.05636152669595396
hyperium/http,cyfrin/aderyn,0.0037878053003966797
rust-lang/cc-rs,cyfrin/aderyn,0.0037878053003966797
myrrlyn/tap,cyfrin/aderyn,0.0037878053003966797
kornelski/rust-security-framework,cyfrin/aderyn,0.0037878053003966797
rustcrypto/formats,cyfrin/aderyn,0.15320651384182102
seanmonstar/want,cyfrin/aderyn,0.0037878053003966797
octplane/fsevent-rust,cyfrin/aderyn,0.0037878053003966797
cargo-bins/cargo-binstall,cyfrin/aderyn,0.0037878053003966797
rustcrypto/utils,cyfrin/aderyn,0.10269739741140925
vitiral/build_const,cyfrin/aderyn,0.0037878053003966797
whatisinternet/inflector,cyfrin/aderyn,0.0037878053003966797
nvzqz/static-assertions-rs,cyfrin/aderyn,0.0037878053003966797
rustcrypto/signatures,cyfrin/aderyn,0.22855726118874764
kornelski/rust_urlencoding,cyfrin/aderyn,0.0037878053003966797
hermit-os/hermit-rs,cyfrin/aderyn,0.0037878053003966797
hyperium/mime,cyfrin/aderyn,0.0037878053003966797
ferrilab/ferrilab,cyfrin/aderyn,0.0037878053003966797
al8n/fs4-rs,cyfrin/aderyn,0.0037878053003966797
alacritty/vte,cyfrin/aderyn,0.0037878053003966797
kokakiwi/rust-hex,cyfrin/aderyn,0.0037878053003966797
sdroege/bytes-num-slice-cast,cyfrin/aderyn,0.0037878053003966797
modelcontextprotocol/rust-sdk,cyfrin/aderyn,0.0037878053003966797
cryptocorrosion/cryptocorrosion,cyfrin/aderyn,0.01697576561535639
paritytech/parity-common,cyfrin/aderyn,0.0037878053003966797
burntsushi/ripgrep,cyfrin/aderyn,0.0011408650323298396
burntsushi/termcolor,cyfrin/aderyn,0.0011408650323298396
phsym/prettytable-rs,cyfrin/aderyn,0.0037878053003966797
amodm/webbrowser-rs,cyfrin/aderyn,0.0037878053003966797
rust-lang/pkg-config-rs,cyfrin/aderyn,0.0037878053003966797
petgraph/petgraph,cyfrin/aderyn,0.0037878053003966797
dtolnay/indoc,cyfrin/aderyn,0.0037878053003966797
palfrey/serial_test,cyfrin/aderyn,0.002078791624116327
bheisler/criterion.rs,cyfrin/aderyn,0.0037878053003966797
drakulix/simplelog.rs,cyfrin/aderyn,0.0037878053003966797
seanmonstar/reqwest,cyfrin/aderyn,0.0037878053003966797
matklad/once_cell,cyfrin/aderyn,0.0037878053003966797
strawlab/iana-time-zone,cyfrin/aderyn,0.002078791624116327
matklad/xshell,cyfrin/aderyn,0.0037878053003966797
martinohmann/field_access,cyfrin/aderyn,0.0037878053003966797
jeltef/derive_more,cyfrin/aderyn,0.0017019706319049619
tokio-rs/axum,cyfrin/aderyn,0.0037878053003966797
matklad/xflags,cyfrin/aderyn,0.0037878053003966797
rust-lang/log,cyfrin/aderyn,0.0037878053003966797
dtolnay/anyhow,cyfrin/aderyn,0.0037878053003966797
toml-rs/toml,cyfrin/aderyn,0.0037878053003966797
peternator7/strum,cyfrin/aderyn,0.0037878053003966797
canop/lazy-regex,cyfrin/aderyn,0.0037878053003966797
colin-kiegel/rust-derive-builder,cyfrin/aderyn,0.0037878053003966797
psastras/sarif-rs,cyfrin/aderyn,0.0037878053003966797
dtolnay/serde-repr,cyfrin/aderyn,0.0037878053003966797
djc/askama,cyfrin/aderyn,0.0037878053003966797
dtolnay/semver,cyfrin/aderyn,0.0037878053003966797
rust-phf/rust-phf,cyfrin/aderyn,0.0037878053003966797
clap-rs/clap,cyfrin/aderyn,0.002078791624116327
rust-lang/regex,cyfrin/aderyn,0.0037878053003966797
rust-num/num-traits,cyfrin/aderyn,0.0037878053003966797
serde-rs/json,cyfrin/aderyn,0.0037878053003966797
rayon-rs/rayon,cyfrin/aderyn,0.0037878053003966797
serde-rs/serde,cyfrin/aderyn,0.0037878053003966797
rust-lang/cargo,cyfrin/aderyn,0.0037878053003966797
rust-num/num-bigint,cyfrin/aderyn,0.01029632231780915
eyre-rs/eyre,cyfrin/aderyn,0.0037878053003966797
ebkalderon/tower-lsp,cyfrin/aderyn,0.0037878053003966797
tokio-rs/tokio,cyfrin/aderyn,0.15320651384182102
urllib3/urllib3,deepfunding/dependency-graph,0.034821024668997676
tkem/cachetools,deepfunding/dependency-graph,0.034821024668997676
sybrenstuvel/python-rsa,deepfunding/dependency-graph,0.034821024668997676
stub42/pytz,deepfunding/dependency-graph,0.034821024668997676
python/tzdata,deepfunding/dependency-graph,0.034821024668997676
pypa/packaging,deepfunding/dependency-graph,0.034821024668997676
pyasn1/pyasn1-modules,deepfunding/dependency-graph,0.034821024668997676
pyasn1/pyasn1,deepfunding/dependency-graph,0.034821024668997676
psf/requests,deepfunding/dependency-graph,0.034821024668997676
pandas-dev/pandas,deepfunding/dependency-graph,0.034821024668997676
opensource-observer/oso,deepfunding/dependency-graph,0.034821024668997676
numpy/numpy-release,deepfunding/dependency-graph,0.034821024668997676
networkx/networkx,deepfunding/dependency-graph,0.034821024668997676
kjd/idna,deepfunding/dependency-graph,0.034821024668997676
jawah/charset_normalizer,deepfunding/dependency-graph,0.034821024668997676
grpc/grpc,deepfunding/dependency-graph,0.09465335860606051
googleapis/python-crc32c,deepfunding/dependency-graph,0.034821024668997676
googleapis/python-cloud-core,deepfunding/dependency-graph,0.034821024668997676
googleapis/python-bigquery,deepfunding/dependency-graph,0.034821024668997676
googleapis/python-api-core,deepfunding/dependency-graph,0.034821024668997676
googleapis/proto-plus-python,deepfunding/dependency-graph,0.034821024668997676
googleapis/google-resumable-media-python,deepfunding/dependency-graph,0.034821024668997676
googleapis/google-cloud-python,deepfunding/dependency-graph,0.034821024668997676
googleapis/google-auth-library-python,deepfunding/dependency-graph,0.034821024668997676
dateutil/dateutil,deepfunding/dependency-graph,0.034821024668997676
certifi/python-certifi,deepfunding/dependency-graph,0.034821024668997676
benjaminp/six,deepfunding/dependency-graph,0.034821024668997676
vercel/serve,defillama/chainlist,0.06666666666666667
vercel/next.js,defillama/chainlist,0.06666666666666667
tasti/react-linkify,defillama/chainlist,0.06666666666666667
tanstack/query,defillama/chainlist,0.06666666666666667
tailwindlabs/tailwindcss,defillama/chainlist,0.06666666666666667
postcss/postcss,defillama/chainlist,0.06666666666666667
postcss/autoprefixer,defillama/chainlist,0.06666666666666667
pmndrs/zustand,defillama/chainlist,0.06666666666666667
node-fetch/node-fetch,defillama/chainlist,0.06666666666666667
motdotla/dotenv,defillama/chainlist,0.06666666666666667
facebook/react,defillama/chainlist,0.06666666666666667
derrickreimer/fathom-client,defillama/chainlist,0.06666666666666667
axios/axios,defillama/chainlist,0.06666666666666667
ariakit/ariakit,defillama/chainlist,0.06666666666666667
amannn/next-intl,defillama/chainlist,0.06666666666666667
jprichardson/node-jsonfile,defillama/defillama-adapters,0.003540905624603626
jhurliman/just-performance,defillama/defillama-adapters,0.005282410462800577
raszi/node-tmp,defillama/defillama-adapters,0.005282410462800577
rvagg/bl,defillama/defillama-adapters,0.005282410462800577
facebook/regenerator,defillama/defillama-adapters,0.005282410462800577
mattyork/fuzzy,defillama/defillama-adapters,0.005282410462800577
graffle-js/graffle,defillama/defillama-adapters,0.005282410462800577
websockets/ws,defillama/defillama-adapters,0.005282410462800577
fastify/secure-json-parse,defillama/defillama-adapters,0.003540905624603626
binarymuse/toml-node,defillama/defillama-adapters,0.005282410462800577
blakeembrey/change-case,defillama/defillama-adapters,0.005282410462800577
typestrong/ts-node,defillama/defillama-adapters,0.005282410462800577
sboudrias/inquirer.js,defillama/defillama-adapters,0.005282410462800577
jhurliman/node-rate-limiter,defillama/defillama-adapters,0.005282410462800577
definitelytyped/definitelytyped,defillama/defillama-adapters,0.005282410462800577
xrplf/xrpl.js,defillama/defillama-adapters,0.005282410462800577
emn178/js-sha512,defillama/defillama-adapters,0.014359080371492744
isaacs/node-glob,defillama/defillama-adapters,0.002373540021292157
kpdecker/jsdiff,defillama/defillama-adapters,0.005282410462800577
smithy-lang/smithy-typescript,defillama/defillama-adapters,0.005282410462800577
sindresorhus/p-limit,defillama/defillama-adapters,0.005282410462800577
ethereum/solc-js,defillama/defillama-adapters,0.047673825736327266
cryptocoinjs/bs58,defillama/defillama-adapters,0.023674121236172786
cryptocoinjs/base-x,defillama/defillama-adapters,0.023674121236172786
eslint/eslint,defillama/defillama-adapters,0.00039234352666903436
anza-xyz/kit,defillama/defillama-adapters,0.005282410462800577
pabigot/buffer-layout,defillama/defillama-adapters,0.0175382203703848
axios/axios,defillama/defillama-adapters,0.005282410462800577
superchargejs/promise-pool,defillama/defillama-adapters,0.005282410462800577
harveyconnor/curve25519-js,defillama/defillama-adapters,0.005282410462800577
miscreant/miscreant,defillama/defillama-adapters,0.005282410462800577
motdotla/dotenv,defillama/defillama-adapters,0.005282410462800577
emn178/hi-base32,defillama/defillama-adapters,0.005282410462800577
graphql/graphql-js,defillama/defillama-adapters,0.005282410462800577
solana-labs/buffer-layout,defillama/defillama-adapters,0.005282410462800577
paulmillr/scure-starknet,defillama/defillama-adapters,0.026163950301215256
indutny/bn.js,defillama/defillama-adapters,0.005282410462800577
starknet-io/starknet.js,defillama/defillama-adapters,0.026163950301215256
solana-labs/solana-web3.js,defillama/defillama-adapters,0.005282410462800577
dcposch/blakejs,defillama/defillama-adapters,0.005282410462800577
ethers-io/ethers.js,defillama/defillama-adapters,0.6418679008402322
near/borsh-js,defillama/defillama-adapters,0.005282410462800577
coral-xyz/anchor,defillama/defillama-adapters,0.005282410462800577
mikemcl/bignumber.js,defillama/defillama-adapters,0.005282410462800577
raynos/global,dl-solarity/solidity-lib,0.0005988440002546067
kaelzhang/node-ignore,dl-solarity/solidity-lib,0.0013327518323487807
websockets/ws,dl-solarity/solidity-lib,0.0013327518323487807
shtylman/node-process,dl-solarity/solidity-lib,0.0013327518323487807
kpdecker/jsdiff,dl-solarity/solidity-lib,0.0013327518323487807
lodash/lodash-cli,dl-solarity/solidity-lib,0.0013327518323487807
unjs/jiti,dl-solarity/solidity-lib,0.0013327518323487807
sindresorhus/globals,dl-solarity/solidity-lib,0.0005988440002546067
typicode/husky,dl-solarity/solidity-lib,0.0013327518323487807
definitelytyped/definitelytyped,dl-solarity/solidity-lib,0.0013327518323487807
openzeppelin/solidity-ast,dl-solarity/solidity-lib,0.0054045751863529565
iden3/js-crypto,dl-solarity/solidity-lib,0.00597297932051056
eslint-community/eslint-plugin-promise,dl-solarity/solidity-lib,9.898824746025397e-05
microsoft/typescript,dl-solarity/solidity-lib,0.0013327518323487807
letsrock-today/mock-local-storage,dl-solarity/solidity-lib,0.0004902919993046852
dividab/tsconfig-paths,dl-solarity/solidity-lib,0.0013327518323487807
typescript-eslint/typescript-eslint,dl-solarity/solidity-lib,9.898824746025397e-05
eslint/eslint,dl-solarity/solidity-lib,9.898824746025397e-05
motdotla/dotenv,dl-solarity/solidity-lib,0.0013327518323487807
typestrong/ts-node,dl-solarity/solidity-lib,0.0013327518323487807
solidstate-network/hardhat-contract-sizer,dl-solarity/solidity-lib,0.0013327518323487807
trivago/prettier-plugin-sort-imports,dl-solarity/solidity-lib,0.0004014171378188342
prettier-solidity/prettier-plugin-solidity,dl-solarity/solidity-lib,0.0016278267639738215
slippy-lint/slippy,dl-solarity/solidity-lib,0.0004014171378188342
merkletreejs/merkletreejs,dl-solarity/solidity-lib,0.0054045751863529565
iden3/circomlibjs,dl-solarity/solidity-lib,0.0013327518323487807
prettier/prettier,dl-solarity/solidity-lib,0.0004014171378188342
iden3/js-merkletree,dl-solarity/solidity-lib,0.0054045751863529565
ethereum-ts/typechain,dl-solarity/solidity-lib,0.0013327518323487807
eslint/js,dl-solarity/solidity-lib,9.898824746025397e-05
privacy-scaling-explorations/zk-kit,dl-solarity/solidity-lib,0.0054045751863529565
chaijs/chai,dl-solarity/solidity-lib,0.0004014171378188342
paulmillr/noble-curves,dl-solarity/solidity-lib,0.2669992505808133
nomicfoundation/hardhat,dl-solarity/solidity-lib,0.1977979097386301
ethers-io/ethers.js,dl-solarity/solidity-lib,0.1619432315975594
vectorized/solady,dl-solarity/solidity-lib,0.08041862885983654
eth-infinitism/account-abstraction,dl-solarity/solidity-lib,0.11997049668355123
openzeppelin/openzeppelin-contracts,dl-solarity/solidity-lib,0.11997049668355123
bikeshedder/deadpool,edb-rs/edb,0.0010598951712341086
dtolnay/anyhow,edb-rs/edb,0.0010598951712341086
zkcrypto/ff,edb-rs/edb,0.019262688918379442
eira-fransham/crunchy,edb-rs/edb,0.002881093784037166
sagebind/castaway,edb-rs/edb,0.0010598951712341086
vorot93/fastrlp,edb-rs/edb,0.00429808686324739
emk/cesu8-rs,edb-rs/edb,0.0010598951712341086
tkaitchuck/ahash,edb-rs/edb,0.002881093784037166
mikedilger/float-cmp,edb-rs/edb,0.0010598951712341086
yaahc/displaydoc,edb-rs/edb,0.0010598951712341086
arkworks-rs/r1cs-std,edb-rs/edb,0.021288563596531005
dylanede/cassowary-rs,edb-rs/edb,0.0010598951712341086
hyperium/http-body,edb-rs/edb,0.0010598951712341086
dimakudosh/difflib,edb-rs/edb,0.0010598951712341086
rustcrypto/signatures,edb-rs/edb,0.06395437945532131
marshallpierce/rust-base64,edb-rs/edb,0.002881093784037166
rodrimati1992/const_format_crates,edb-rs/edb,0.0010598951712341086
arkworks-rs/snark,edb-rs/edb,0.09540872279376982
fitzgen/bumpalo,edb-rs/edb,0.0010598951712341086
rustcrypto/formats,edb-rs/edb,0.04286990258067175
ia0/data-encoding,edb-rs/edb,0.0010598951712341086
mcarton/rust-derivative,edb-rs/edb,0.0010598951712341086
supranational/blst,edb-rs/edb,0.4275922301597524
jhpratt/deranged,edb-rs/edb,0.0010598951712341086
zakarumych/allocator-api2,edb-rs/edb,0.0010598951712341086
danipopes/futures-utils-wasm,edb-rs/edb,0.003518975894341116
zkcrypto/group,edb-rs/edb,0.019262688918379442
rust-bitcoin/hex-conservative,edb-rs/edb,0.0010598951712341086
bitflags/bitflags,edb-rs/edb,0.0010598951712341086
rust-lang/cc-rs,edb-rs/edb,0.0010598951712341086
davidpdrsn/assert-json-diff,edb-rs/edb,0.0007104689799745996
smol-rs/atomic-waker,edb-rs/edb,0.0010598951712341086
modprog/derive-where,edb-rs/edb,0.0010598951712341086
ferrilab/ferrilab,edb-rs/edb,0.0010598951712341086
rust-bitcoin/rust-bitcoin,edb-rs/edb,0.0010598951712341086
arkworks-rs/algebra,edb-rs/edb,0.1738460275237744
alloy-rs/core,edb-rs/edb,0.011683411417503916
console-rs/console,edb-rs/edb,0.0003899136432939141
tokio-rs/async-stream,edb-rs/edb,0.0010598951712341086
rustwasm/gloo,edb-rs/edb,0.003518975894341116
rustcrypto/macs,edb-rs/edb,0.015770955804451696
hermit-os/hermit-rs,edb-rs/edb,0.0010598951712341086
crossbeam-rs/crossbeam,edb-rs/edb,0.0010598951712341086
fizyk20/generic-array,edb-rs/edb,0.0010598951712341086
aurora-is-near/aurora-engine,edb-rs/edb,0.0010598951712341086
stebalien/tempfile,edb-rs/edb,0.0010598951712341086
assert-rs/assert_cmd,edb-rs/edb,0.0010598951712341086
alloy-rs/rlp,edb-rs/edb,0.013987583009531287
lukemathwalker/wiremock-rs,edb-rs/edb,0.0003899136432939141
xdg-rs/dirs,edb-rs/edb,0.0010598951712341086
dotenv-rs/dotenv,edb-rs/edb,0.0010598951712341086
kobzol/rust-delegate,edb-rs/edb,0.0010598951712341086
rust-lang/regex,edb-rs/edb,0.0010598951712341086
soc/dirs-rs,edb-rs/edb,0.0010598951712341086
alloy-rs/eips,edb-rs/edb,0.016414580720585308
hyperium/http,edb-rs/edb,0.0010598951712341086
tokio-rs/tracing,edb-rs/edb,0.0010598951712341086
kokakiwi/rust-hex,edb-rs/edb,0.0010598951712341086
eyre-rs/eyre,edb-rs/edb,0.0010598951712341086
jeltef/derive_more,edb-rs/edb,0.00047624159936346735
auto-impl-rs/auto_impl,edb-rs/edb,0.0010598951712341086
tokio-rs/axum,edb-rs/edb,0.0010598951712341086
rust-lang/futures-rs,edb-rs/edb,0.0010598951712341086
crossterm-rs/crossterm,edb-rs/edb,0.0010598951712341086
xacrimon/dashmap,edb-rs/edb,0.0010598951712341086
alloy-rs/chains,edb-rs/edb,0.007375546551599115
hyperledger-solang/solang,edb-rs/edb,0.0010598951712341086
foundry-rs/block-explorers,edb-rs/edb,0.0010598951712341086
clap-rs/clap,edb-rs/edb,0.0005816828030131495
foundry-rs/compilers,edb-rs/edb,0.0010598951712341086
stretchr/testify,erigontech/erigon,0.000610479837760481
anacrolix/log,erigontech/erigon,0.0011123667896427202
vektah/gqlparser,erigontech/erigon,0.0011123667896427202
pion/transport,erigontech/erigon,0.0011123667896427202
erigontech/erigon-lib,erigontech/erigon,0.0011123667896427202
roaringbitmap/roaring,erigontech/erigon,0.0011123667896427202
rs/dnscache,erigontech/erigon,0.0011123667896427202
jedib0t/go-pretty,erigontech/erigon,0.0011123667896427202
alecthomas/kong,erigontech/erigon,0.0011123667896427202
klauspost/cpuid,erigontech/erigon,0.0011123667896427202
prometheus/client_model,erigontech/erigon,0.0011123667896427202
cenkalti/backoff,erigontech/erigon,0.0011123667896427202
spf13/cobra,erigontech/erigon,0.000610479837760481
google/cel-go,erigontech/erigon,0.0011123667896427202
spaolacci/murmur3,erigontech/erigon,0.0011123667896427202
holiman/bloomfilter,erigontech/erigon,0.0011123667896427202
ugorji/go,erigontech/erigon,0.0011123667896427202
urfave/cli,erigontech/erigon,0.0011123667896427202
quic-go/quic-go,erigontech/erigon,0.0011123667896427202
grpc-ecosystem/go-grpc-middleware,erigontech/erigon,0.0030237264308671315
c2h5oh/datasize,erigontech/erigon,0.0011123667896427202
spf13/pflag,erigontech/erigon,0.0011123667896427202
valyala/fastjson,erigontech/erigon,0.0011123667896427202
huin/goupnp,erigontech/erigon,0.0011123667896427202
jackpal/go-nat-pmp,erigontech/erigon,0.0011123667896427202
99designs/gqlgen,erigontech/erigon,0.0011123667896427202
anacrolix/missinggo,erigontech/erigon,0.0011123667896427202
anacrolix/go-libutp,erigontech/erigon,0.0011123667896427202
prometheus/client_golang,erigontech/erigon,0.0011123667896427202
elastic/go-freelru,erigontech/erigon,0.0011123667896427202
anacrolix/torrent,erigontech/erigon,0.0011123667896427202
pion/stun,erigontech/erigon,0.0011123667896427202
shirou/gopsutil,erigontech/erigon,0.0011123667896427202
golang-jwt/jwt,erigontech/erigon,0.0011123667896427202
deckarep/golang-set,erigontech/erigon,0.0011123667896427202
dop251/goja,erigontech/erigon,0.0011123667896427202
pelletier/go-toml,erigontech/erigon,0.000610479837760481
spf13/afero,erigontech/erigon,0.0011123667896427202
golang/snappy,erigontech/erigon,0.0011123667896427202
prysmaticlabs/go-bitfield,erigontech/erigon,0.0011123667896427202
anacrolix/generics,erigontech/erigon,0.0011123667896427202
go-chi/chi,erigontech/erigon,0.0011123667896427202
xsleonard/go-merkle,erigontech/erigon,0.004510869768478277
json-iterator/go,erigontech/erigon,0.0011123667896427202
erigontech/erigon-snapshot,erigontech/erigon,0.0011123667896427202
libp2p/go-libp2p-mplex,erigontech/erigon,0.014976615054585411
hashicorp/golang-lru,erigontech/erigon,0.0030237264308671315
gorilla/websocket,erigontech/erigon,0.0011123667896427202
protolambda/ztyp,erigontech/erigon,0.05495364371200649
gofrs/flock,erigontech/erigon,0.0011123667896427202
fjl/gencodec,erigontech/erigon,0.0011123667896427202
containerd/cgroups,erigontech/erigon,0.0011123667896427202
prysmaticlabs/gohashtree,erigontech/erigon,0.0030237264308671315
libp2p/go-libp2p-pubsub,erigontech/erigon,0.014976615054585411
erigontech/erigon-db,erigontech/erigon,0.0011123667896427202
multiformats/go-multiaddr,erigontech/erigon,0.0011123667896427202
edsrzf/mmap-go,erigontech/erigon,0.0011123667896427202
libp2p/go-yamux,erigontech/erigon,0.014976615054585411
tidwall/btree,erigontech/erigon,0.0011123667896427202
klauspost/compress,erigontech/erigon,0.0011123667896427202
google/btree,erigontech/erigon,0.0011123667896427202
erigontech/interfaces,erigontech/erigon,0.0011123667896427202
supranational/blst,erigontech/erigon,0.4487607918669497
erigontech/silkworm-go,erigontech/erigon,0.0011123667896427202
erigontech/secp256k1,erigontech/erigon,0.006729426928459251
erigontech/mdbx-go,erigontech/erigon,0.0011123667896427202
holiman/uint256,erigontech/erigon,0.08198120291495013
libp2p/go-libp2p,erigontech/erigon,0.014976615054585411
consensys/gnark-crypto,erigontech/erigon,0.2721871791442248
decred/dcrd,erigontech/erigon,0.0011123667896427202
tradias/asio-grpc,erigontech/silkworm,0.01909717831978218
stephenberry/glaze,erigontech/silkworm,0.007025459288232852
renenyffenegger/cpp-base64,erigontech/silkworm,0.007025459288232852
ethereum/tests,erigontech/silkworm,0.03479732765088513
ethereum/execution-apis,erigontech/silkworm,0.7724293839187097
erigontech/mdbx-go,erigontech/silkworm,0.007025459288232852
erigontech/libff,erigontech/silkworm,0.007025459288232852
erigontech/interfaces,erigontech/silkworm,0.007025459288232852
erigontech/evmone,erigontech/silkworm,0.03479732765088513
erigontech/erigon-snapshot,erigontech/silkworm,0.007025459288232852
erigontech/eest-fixtures,erigontech/silkworm,0.007025459288232852
erigontech/cbor-cpp,erigontech/silkworm,0.007025459288232852
chfast/intx,erigontech/silkworm,0.007025459288232852
chfast/ethash,erigontech/silkworm,0.01909717831978218
bitcoin-core/secp256k1,erigontech/silkworm,0.04250155196939425
battlmonstr/stun-msg,erigontech/silkworm,0.007025459288232852
battlmonstr/stbrumme-crc32,erigontech/silkworm,0.007025459288232852
supranational/blst,espressosystems/jellyfish,0.6649866657450673
rustcrypto/traits,espressosystems/jellyfish,0.024526814512267753
rustcrypto/nacl-compat,espressosystems/jellyfish,0.024526814512267753
rustcrypto/hashes,espressosystems/jellyfish,0.09946113739695361
rustcrypto/aeads,espressosystems/jellyfish,0.024526814512267753
rust-random/getrandom,espressosystems/jellyfish,0.0004064749355510206
rust-num/num-traits,espressosystems/jellyfish,0.0016483371451696896
rust-lang-nursery/lazy-static.rs,espressosystems/jellyfish,0.0016483371451696896
marcianx/downcast-rs,espressosystems/jellyfish,0.0016483371451696896
kokakiwi/rust-hex,espressosystems/jellyfish,0.0016483371451696896
dtolnay/dyn-clone,espressosystems/jellyfish,0.0016483371451696896
dtolnay/anyhow,espressosystems/jellyfish,0.0016483371451696896
bincode-org/bincode,espressosystems/jellyfish,0.0016483371451696896
bheisler/criterion.rs,espressosystems/jellyfish,0.0016483371451696896
arkworks-rs/crypto-primitives,espressosystems/jellyfish,0.14837858122426723
wighawag/hardhat-deploy,eth-infinitism/account-abstraction,0.087882875855218
uniswap/uniswap-v3-periphery,eth-infinitism/account-abstraction,0.0021727746074960324
typestrong/ts-node,eth-infinitism/account-abstraction,0.0021727746074960324
typescript-eslint/typescript-eslint,eth-infinitism/account-abstraction,0.0001613797447519752
standard/eslint-config-standard-with-typescript,eth-infinitism/account-abstraction,0.0001613797447519752
sc-forks/solidity-coverage,eth-infinitism/account-abstraction,0.008811035516278865
protofire/solhint,eth-infinitism/account-abstraction,0.087882875855218
piotrwitek/ts-mocha,eth-infinitism/account-abstraction,0.0007993191083971404
openzeppelin/openzeppelin-contracts,eth-infinitism/account-abstraction,0.1955869371294101
npm/abbrev-js,eth-infinitism/account-abstraction,0.0005357996215379374
nomiclabs/hardhat,eth-infinitism/account-abstraction,0.0021727746074960324
nomicfoundation/hardhat-waffle,eth-infinitism/account-abstraction,0.0021727746074960324
nomicfoundation/hardhat,eth-infinitism/account-abstraction,0.3224683435163471
mysticatea/eslint-plugin-node,eth-infinitism/account-abstraction,0.0001613797447519752
mochajs/mocha,eth-infinitism/account-abstraction,0.0007993191083971404
microsoft/typescript,eth-infinitism/account-abstraction,0.0021727746074960324
gajus/table,eth-infinitism/account-abstraction,0.0021727746074960324
ethworks/waffle,eth-infinitism/account-abstraction,0.0021727746074960324
ethers-io/ethers.js,eth-infinitism/account-abstraction,0.2640147497309484
ethereumjs/ethereumjs-monorepo,eth-infinitism/account-abstraction,0.00721386574363984
ethereum-ts/typechain,eth-infinitism/account-abstraction,0.0021727746074960324
eslint/eslint,eth-infinitism/account-abstraction,0.0001613797447519752
eslint-community/eslint-plugin-promise,eth-infinitism/account-abstraction,0.0001613797447519752
depcheck/depcheck,eth-infinitism/account-abstraction,0.0021727746074960324
definitelytyped/definitelytyped,eth-infinitism/account-abstraction,0.0021727746074960324
debug-js/debug,eth-infinitism/account-abstraction,0.0006544271355676117
chaijs/chai,eth-infinitism/account-abstraction,0.0006544271355676117
benmosher/eslint-plugin-import,eth-infinitism/account-abstraction,0.0001613797447519752
node-modules/address,ethdebug/format,0.006065173213699649
dcodeio/long.js,ethdebug/format,0.006065173213699649
indutny/node-ip,ethdebug/format,0.006065173213699649
babel/babel-polyfills,ethdebug/format,0.006065173213699649
jshttp/cookie,ethdebug/format,0.006065173213699649
blakeembrey/change-case,ethdebug/format,0.006065173213699649
csstree/csstree,ethdebug/format,0.006065173213699649
pierrec/node-eval,ethdebug/format,0.006065173213699649
npm/fs,ethdebug/format,0.006065173213699649
dominictarr/jsonstream,ethdebug/format,0.006065173213699649
npm/abbrev-js,ethdebug/format,0.0014956533002782903
faye/websocket-extensions-node,ethdebug/format,0.006065173213699649
flet/github-slugger,ethdebug/format,0.006065173213699649
pvorb/node-clone,ethdebug/format,0.006065173213699649
felixge/node-require-like,ethdebug/format,0.006065173213699649
mjackson/value-equal,ethdebug/format,0.006065173213699649
browserify/resolve,ethdebug/format,0.006065173213699649
syntax-tree/mdast-util-mdx-expression,ethdebug/format,0.006065173213699649
raszi/node-tmp,ethdebug/format,0.006065173213699649
yarnpkg/yarn,ethdebug/format,0.006065173213699649
definitelytyped/definitelytyped,ethdebug/format,0.006065173213699649
dominictarr/split,ethdebug/format,0.006065173213699649
stoplightio/path,ethdebug/format,0.006065173213699649
kemitchell/spdx-exceptions.json,ethdebug/format,0.006065173213699649
yarnpkg/berry,ethdebug/format,0.006065173213699649
lukeed/clsx,ethdebug/format,0.006065173213699649
npm/node-semver,ethdebug/format,0.006065173213699649
indigounited/node-promise-retry,ethdebug/format,0.006065173213699649
eta-dev/eta,ethdebug/format,0.006065173213699649
damonoehlman/wildcard,ethdebug/format,0.006065173213699649
juliangruber/builtins,ethdebug/format,0.006065173213699649
svg/sax,ethdebug/format,0.006065173213699649
indigounited/js-err-code,ethdebug/format,0.006065173213699649
sindresorhus/indent-string,ethdebug/format,0.006065173213699649
jridgewell/sourcemaps,ethdebug/format,0.006065173213699649
indutny/node-spdy,ethdebug/format,0.006065173213699649
jestjs/jest,ethdebug/format,0.002231252532463828
felixfbecker/cli-highlight,ethdebug/format,0.006065173213699649
npm/are-we-there-yet,ethdebug/format,0.006065173213699649
chalk/chalk,ethdebug/format,0.006065173213699649
fortawesome/font-awesome,ethdebug/format,0.006065173213699649
remy/nodemon,ethdebug/format,0.006065173213699649
formidablelabs/prism-react-renderer,ethdebug/format,0.006065173213699649
webpack-contrib/raw-loader,ethdebug/format,0.006065173213699649
remarkjs/react-markdown,ethdebug/format,0.006065173213699649
shikijs/shiki,ethdebug/format,0.006065173213699649
webpack/webpack,ethdebug/format,0.006065173213699649
open-cli-tools/concurrently,ethdebug/format,0.006065173213699649
babel/preset-modules,ethdebug/format,0.006065173213699649
fortawesome/react-fontawesome,ethdebug/format,0.006065173213699649
typestrong/ts-node,ethdebug/format,0.006065173213699649
rollup/rollup,ethdebug/format,0.006065173213699649
facebook/docusaurus,ethdebug/format,0.006065173213699649
suren-atoyan/monaco-react,ethdebug/format,0.006065173213699649
jy95/docusaurus-json-schema-plugin,ethdebug/format,0.0040656071878212765
privatenumber/tsx,ethdebug/format,0.006065173213699649
microsoft/monaco-editor,ethdebug/format,0.006065173213699649
apideck-libraries/better-ajv-errors,ethdebug/format,0.006065173213699649
dsherret/ts-morph,ethdebug/format,0.006065173213699649
lerna/lerna,ethdebug/format,0.006065173213699649
vitest-dev/vitest,ethdebug/format,0.003328637634604169
eemeli/yaml,ethdebug/format,0.006065173213699649
jrylan/json-schema-typed,ethdebug/format,0.006065173213699649
hyperjump-io/json-schema,ethdebug/format,0.006065173213699649
mischnic/json-sourcemap,ethdebug/format,0.006065173213699649
ajv-validator/ajv,ethdebug/format,0.006065173213699649
ethereum/js-ethereum-cryptography,ethdebug/format,0.5459694935380093
facebook/react,ethdebug/format,0.006065173213699649
ethereum/solc-js,ethdebug/format,0.054738270130045584
microsoft/typescript,ethdebug/format,0.006065173213699649
pytest-dev/pytest,ethereum/consensus-specs,0.0022730345366723556
pypa/wheel,ethereum/consensus-specs,0.004141738963207629
pypa/setuptools,ethereum/consensus-specs,0.004141738963207629
pypa/pip,ethereum/consensus-specs,0.004141738963207629
pypa/build,ethereum/consensus-specs,0.004141738963207629
pylint-dev/pylint,ethereum/consensus-specs,0.0012474678029693825
protolambda/remerkleable,ethereum/consensus-specs,0.01679557970627888
marco-sulla/python-frozendict,ethereum/consensus-specs,0.004141738963207629
legrandin/pycryptodome,ethereum/consensus-specs,0.010187034039505447
frostming/marko,ethereum/consensus-specs,0.004141738963207629
ethereum/web3.py,ethereum/consensus-specs,0.24991372019314803
ethereum/py_ecc,ethereum/consensus-specs,0.24991372019314803
ethereum/py-trie,ethereum/consensus-specs,0.15158033357998857
ethereum/py-ssz,ethereum/consensus-specs,0.18514063751743667
ethereum/eth-utils,ethereum/consensus-specs,0.03737925005408114
ethereum/eth-typing,ethereum/consensus-specs,0.03737925005408114
ericvsmith/dataclasses,ethereum/consensus-specs,0.004141738963207629
chihchengliang/milagro_bls_binding,ethereum/consensus-specs,0.025056060617029335
amitdev/lru-dict,ethereum/consensus-specs,0.004141738963207629
yob/pdf-reader,ethereum/eips,0.022590143642494877
weppos/publicsuffix-ruby,ethereum/eips,0.022590143642494877
tzinfo/tzinfo-data,ethereum/eips,0.022590143642494877
tzinfo/tzinfo,ethereum/eips,0.022590143642494877
typhoeus/typhoeus,ethereum/eips,0.022590143642494877
thibaudgg/rb-fsevent,ethereum/eips,0.022590143642494877
tenderlove/racc,ethereum/eips,0.022590143642494877
sporkmonger/addressable,ethereum/eips,0.022590143642494877
sparklemotion/nokogiri,ethereum/eips,0.022590143642494877
socketry/timers,ethereum/eips,0.022590143642494877
socketry/io-event,ethereum/eips,0.022590143642494877
socketry/fiber-local,ethereum/eips,0.022590143642494877
socketry/async,ethereum/eips,0.022590143642494877
sickill/rainbow,ethereum/eips,0.022590143642494877
shopify/liquid,ethereum/eips,0.022590143642494877
sass/ruby-sass,ethereum/eips,0.022590143642494877
rudionrails/yell,ethereum/eips,0.022590143642494877
rubyzip/rubyzip,ethereum/eips,0.022590143642494877
rubyworks/hashery,ethereum/eips,0.06140637696567345
ruby/webrick,ethereum/eips,0.022590143642494877
ruby-i18n/i18n,ethereum/eips,0.022590143642494877
ruby-concurrency/concurrent-ruby,ethereum/eips,0.022590143642494877
rouge-ruby/rouge,ethereum/eips,0.022590143642494877
rails/ruby-coffee-script,ethereum/eips,0.022590143642494877
rails/rails,ethereum/eips,0.022590143642494877
prawnpdf/ttfunk,ethereum/eips,0.022590143642494877
pathawks/jekyll-commonmark,ethereum/eips,0.022590143642494877
minitest/minitest,ethereum/eips,0.012397733692036682
lostisland/faraday-net_http,ethereum/eips,0.022590143642494877
lostisland/faraday,ethereum/eips,0.022590143642494877
jekyll/jekyll,ethereum/eips,0.022590143642494877
janlelis/unicode-display_width,ethereum/eips,0.022590143642494877
igrigorik/em-websocket,ethereum/eips,0.022590143642494877
halfbyte/afm,ethereum/eips,0.022590143642494877
guard/listen,ethereum/eips,0.022590143642494877
gjtorikian/commonmarker,ethereum/eips,0.022590143642494877
gettalong/kramdown,ethereum/eips,0.022590143642494877
fxn/zeitwerk,ethereum/eips,0.022590143642494877
ffi/ffi,ethereum/eips,0.022590143642494877
eventmachine/eventmachine,ethereum/eips,0.022590143642494877
datawraith/ascii85gem,ethereum/eips,0.022590143642494877
caiges/ruby-rc4,ethereum/eips,0.022590143642494877
alexdalitz/dnsruby,ethereum/eips,0.022590143642494877
tschaub/gh-pages,ethereum/execution-apis,0.06920736613328914
open-rpc/schema-utils-js,ethereum/execution-apis,0.06920736613328914
open-rpc/generator,ethereum/execution-apis,0.06920736613328914
nodeca/js-yaml,ethereum/execution-apis,0.0310968741339521
mokkabonna/json-schema-merge-allof,ethereum/execution-apis,0.06920736613328914
microsoft/typescript,ethereum/execution-apis,0.06920736613328914
metamask/docusaurus-openrpc,ethereum/execution-apis,0.06920736613328914
mdx-js/mdx,ethereum/execution-apis,0.06920736613328914
lukeed/clsx,ethereum/execution-apis,0.06920736613328914
jasonkuhrt/graphql-request,ethereum/execution-apis,0.06920736613328914
graphql/graphql-js,ethereum/execution-apis,0.06920736613328914
graphql-hive/graphql-inspector,ethereum/execution-apis,0.06920736613328914
formidablelabs/prism-react-renderer,ethereum/execution-apis,0.06920736613328914
facebook/react,ethereum/execution-apis,0.06920736613328914
facebook/docusaurus,ethereum/execution-apis,0.06920736613328914
russross/blackfriday,ethereum/go-ethereum,0.0007155449772533433
mmcloughlin/addchain,ethereum/go-ethereum,0.00021551800551155526
fatih/color,ethereum/go-ethereum,0.00021551800551155526
datadog/zstd,ethereum/go-ethereum,0.0007155449772533433
pion/transport,ethereum/go-ethereum,0.0007155449772533433
mattn/go-isatty,ethereum/go-ethereum,0.0007155449772533433
davecgh/go-spew,ethereum/go-ethereum,0.0007155449772533433
pion/dtls,ethereum/go-ethereum,0.0007155449772533433
azure/azure-sdk-for-go,ethereum/go-ethereum,0.0007155449772533433
olekukonko/tablewriter,ethereum/go-ethereum,0.0007155449772533433
consensys/bavard,ethereum/go-ethereum,0.001945052909112904
influxdata/influxdb1-client,ethereum/go-ethereum,0.0007155449772533433
status-im/keycard-go,ethereum/go-ethereum,0.0007155449772533433
stretchr/testify,ethereum/go-ethereum,0.0003926994096652703
cespare/xxhash,ethereum/go-ethereum,0.001945052909112904
cpuguy83/go-md2man,ethereum/go-ethereum,0.0007155449772533433
aws/aws-sdk-go-v2,ethereum/go-ethereum,0.0007155449772533433
shirou/gopsutil,ethereum/go-ethereum,0.0007155449772533433
supranational/blst,ethereum/go-ethereum,0.2886714468631029
cloudflare/cloudflare-go,ethereum/go-ethereum,0.0007155449772533433
hashicorp/go-bexpr,ethereum/go-ethereum,0.001945052909112904
kylelemons/godebug,ethereum/go-ethereum,0.0007155449772533433
stackexchange/wmi,ethereum/go-ethereum,0.0007155449772533433
google/uuid,ethereum/go-ethereum,0.00026323428636499237
huin/goupnp,ethereum/go-ethereum,0.0007155449772533433
karalabe/hid,ethereum/go-ethereum,0.0007155449772533433
influxdata/influxdb-client-go,ethereum/go-ethereum,0.0007155449772533433
klauspost/cpuid,ethereum/go-ethereum,0.0007155449772533433
cespare/cp,ethereum/go-ethereum,0.0007155449772533433
mattn/go-colorable,ethereum/go-ethereum,0.00021551800551155526
naoina/toml,ethereum/go-ethereum,0.0007155449772533433
google/gofuzz,ethereum/go-ethereum,0.0007155449772533433
mbr/tinyrpc,ethereum/go-ethereum,0.0007155449772533433
peterh/liner,ethereum/go-ethereum,0.0007155449772533433
pion/stun,ethereum/go-ethereum,0.0007155449772533433
jackpal/go-nat-pmp,ethereum/go-ethereum,0.0007155449772533433
graph-gophers/graphql-go,ethereum/go-ethereum,0.0007155449772533433
jedisct1/go-minisign,ethereum/go-ethereum,0.0007155449772533433
rs/cors,ethereum/go-ethereum,0.0007155449772533433
gballet/go-libpcsclite,ethereum/go-ethereum,0.0007155449772533433
fsnotify/fsnotify,ethereum/go-ethereum,0.0007155449772533433
donovanhide/eventsource,ethereum/go-ethereum,0.0007155449772533433
holiman/billy,ethereum/go-ethereum,0.0007155449772533433
deckarep/golang-set,ethereum/go-ethereum,0.0007155449772533433
gorilla/websocket,ethereum/go-ethereum,0.0007155449772533433
ethereum/c-kzg-4844,ethereum/go-ethereum,0.11736505192795814
protolambda/ztyp,ethereum/go-ethereum,0.03534967432147605
golang-jwt/jwt,ethereum/go-ethereum,0.0007155449772533433
gofrs/flock,ethereum/go-ethereum,0.0007155449772533433
fjl/gencodec,ethereum/go-ethereum,0.0007155449772533433
victoriametrics/fastcache,ethereum/go-ethereum,0.0007155449772533433
ferranbt/fastssz,ethereum/go-ethereum,0.0035441174734488733
protolambda/bls12-381-util,ethereum/go-ethereum,0.06441130616884311
golang/snappy,ethereum/go-ethereum,0.0007155449772533433
dop251/goja,ethereum/go-ethereum,0.0007155449772533433
microsoft/go-winio,ethereum/go-ethereum,0.0007155449772533433
consensys/gnark-crypto,ethereum/go-ethereum,0.1750880831060782
crate-crypto/go-eth-kzg,ethereum/go-ethereum,0.09609037735001369
protolambda/zrnt,ethereum/go-ethereum,0.052735517206353354
urfave/cli,ethereum/go-ethereum,0.0007155449772533433
holiman/bloomfilter,ethereum/go-ethereum,0.0007155449772533433
syndtr/goleveldb,ethereum/go-ethereum,0.02894186547828348
cockroachdb/pebble,ethereum/go-ethereum,0.03534967432147605
crate-crypto/go-ipa,ethereum/go-ethereum,0.003206850103891608
ethereum/go-verkle,ethereum/go-ethereum,0.006457803079163706
holiman/uint256,ethereum/go-ethereum,0.052735517206353354
decred/dcrd,ethereum/go-ethereum,0.0007155449772533433
parcel-bundler/lightningcss,ethereum/js-ethereum-cryptography,0.0034039881761683687
calvinmetcalf/minimalistic-assert,ethereum/js-ethereum-cryptography,0.0034039881761683687
crypto-browserify/ripemd160,ethereum/js-ethereum-cryptography,0.01525561660469378
substack/node-syntax-error,ethereum/js-ethereum-cryptography,0.0034039881761683687
davidmarkclements/fast-safe-stringify,ethereum/js-ethereum-cryptography,0.0034039881761683687
thlorenz/inline-source-map,ethereum/js-ethereum-cryptography,0.0034039881761683687
substack/node-parents,ethereum/js-ethereum-cryptography,0.0034039881761683687
shtylman/node-process,ethereum/js-ethereum-cryptography,0.0034039881761683687
rich-harris/is-reference,ethereum/js-ethereum-cryptography,0.0034039881761683687
facebook/react,ethereum/js-ethereum-cryptography,0.0034039881761683687
jonschlinkert/shallow-clone,ethereum/js-ethereum-cryptography,0.009252999203567924
gozala/events,ethereum/js-ethereum-cryptography,0.0034039881761683687
zertosh/htmlescape,ethereum/js-ethereum-cryptography,0.0034039881761683687
definitelytyped/definitelytyped,ethereum/js-ethereum-cryptography,0.0034039881761683687
nodejs/string_decoder,ethereum/js-ethereum-cryptography,0.0034039881761683687
nodeca/pako,ethereum/js-ethereum-cryptography,0.0034039881761683687
sindresorhus/resolve-cwd,ethereum/js-ethereum-cryptography,0.0034039881761683687
webpack/schema-utils,ethereum/js-ethereum-cryptography,0.0034039881761683687
mysticatea/npm-run-all,ethereum/js-ethereum-cryptography,0.0034039881761683687
crypto-browserify/randomfill,ethereum/js-ethereum-cryptography,0.008372459908445193
jryans/timers-browserify,ethereum/js-ethereum-cryptography,0.0034039881761683687
fitzgen/glob-to-regexp,ethereum/js-ethereum-cryptography,0.0015295104810650038
indutny/hash.js,ethereum/js-ethereum-cryptography,0.009252999203567924
browserify/stream-splicer,ethereum/js-ethereum-cryptography,0.0034039881761683687
dominictarr/through,ethereum/js-ethereum-cryptography,0.0034039881761683687
goto-bus-stop/get-assigned-identifiers,ethereum/js-ethereum-cryptography,0.0034039881761683687
tjfontaine/node-path-platform,ethereum/js-ethereum-cryptography,0.0034039881761683687
crypto-browserify/publicencrypt,ethereum/js-ethereum-cryptography,0.01525561660469378
alexeyraspopov/picocolors,ethereum/js-ethereum-cryptography,0.0010252615360794857
sindresorhus/is-builtin-module,ethereum/js-ethereum-cryptography,0.0034039881761683687
goto-bus-stop/undeclared-identifiers,ethereum/js-ethereum-cryptography,0.0034039881761683687
nodejs/readable-stream,ethereum/js-ethereum-cryptography,0.0034039881761683687
coderpuppy/os-browserify,ethereum/js-ethereum-cryptography,0.0034039881761683687
feross/is-buffer,ethereum/js-ethereum-cryptography,0.0034039881761683687
indutny/minimalistic-crypto-utils,ethereum/js-ethereum-cryptography,0.01525561660469378
crypto-browserify/parse-asn1,ethereum/js-ethereum-cryptography,0.01525561660469378
facebook/regenerator,ethereum/js-ethereum-cryptography,0.0034039881761683687
coolaj86/node,ethereum/js-ethereum-cryptography,0.0034039881761683687
forbeslindesay/umd,ethereum/js-ethereum-cryptography,0.0034039881761683687
jhiesey/stream-http,ethereum/js-ethereum-cryptography,0.0034039881761683687
coolaj86/nodejs-libs-4-browser,ethereum/js-ethereum-cryptography,0.0034039881761683687
jestjs/jest,ethereum/js-ethereum-cryptography,0.0012522572680030166
es-shims/typedarray,ethereum/js-ethereum-cryptography,0.0034039881761683687
micromatch/micromatch,ethereum/js-ethereum-cryptography,0.0034039881761683687
sindresorhus/type-fest,ethereum/js-ethereum-cryptography,0.0034039881761683687
crypto-browserify/hash-base,ethereum/js-ethereum-cryptography,0.04146906539847718
parcel-bundler/watcher,ethereum/js-ethereum-cryptography,0.0034039881761683687
indutny/hmac-drbg,ethereum/js-ethereum-cryptography,0.0034039881761683687
prettier/eslint-plugin-prettier,ethereum/js-ethereum-cryptography,0.00013875406037692185
litixsoft/karma-mocha-reporter,ethereum/js-ethereum-cryptography,0.0012522572680030166
typescript-eslint/typescript-eslint,ethereum/js-ethereum-cryptography,0.0002528263820433091
typestrong/ts-node,ethereum/js-ethereum-cryptography,0.0034039881761683687
karma-runner/karma-chrome-launcher,ethereum/js-ethereum-cryptography,0.0034039881761683687
prettier/prettier,ethereum/js-ethereum-cryptography,0.0010252615360794857
eslint/eslint,ethereum/js-ethereum-cryptography,0.0002528263820433091
browserify/browserify,ethereum/js-ethereum-cryptography,0.0034039881761683687
mochajs/mocha,ethereum/js-ethereum-cryptography,0.0012522572680030166
webpack/webpack-cli,ethereum/js-ethereum-cryptography,0.0034039881761683687
parcel-bundler/parcel,ethereum/js-ethereum-cryptography,0.0034039881761683687
rollup/plugins,ethereum/js-ethereum-cryptography,0.0034039881761683687
rollup/rollup,ethereum/js-ethereum-cryptography,0.0034039881761683687
karma-runner/karma-mocha,ethereum/js-ethereum-cryptography,0.0012522572680030166
webpack/webpack,ethereum/js-ethereum-cryptography,0.0034039881761683687
paulmillr/scure-bip39,ethereum/js-ethereum-cryptography,0.0034039881761683687
microsoft/typescript,ethereum/js-ethereum-cryptography,0.0034039881761683687
paulmillr/noble-ciphers,ethereum/js-ethereum-cryptography,0.0034039881761683687
karma-runner/karma,ethereum/js-ethereum-cryptography,0.0034039881761683687
paulmillr/scure-bip32,ethereum/js-ethereum-cryptography,0.0034039881761683687
paulmillr/noble-hashes,ethereum/js-ethereum-cryptography,0.009252999203567924
paulmillr/noble-curves,ethereum/js-ethereum-cryptography,0.6819441324054807
python/typing_extensions,ethereum/web3.py,0.010246249734447115
python/typeshed,ethereum/web3.py,0.010246249734447115
pydantic/pydantic,ethereum/web3.py,0.010246249734447115
psf/requests,ethereum/web3.py,0.010246249734447115
mlodewijck/pyunormalize,ethereum/web3.py,0.010246249734447115
ethereum/hexbytes,ethereum/web3.py,0.09247254217195852
ethereum/eth-utils,ethereum/web3.py,0.09247254217195852
ethereum/eth-typing,ethereum/web3.py,0.09247254217195852
ethereum/eth-hash,ethereum/web3.py,0.2513664310174476
ethereum/eth-account,ethereum/web3.py,0.09247254217195852
ethereum/eth-abi,ethereum/web3.py,0.30701965215358856
aio-libs/aiohttp,ethereum/web3.py,0.010246249734447115
aaugustin/websockets,ethereum/web3.py,0.010246249734447115
websockets/ws,ethers-io/ethers.js,0.002899110473432983
rollup/rollup,ethers-io/ethers.js,0.002899110473432983
rollup/plugins,ethers-io/ethers.js,0.002899110473432983
ricmoo/aes-js,ethers-io/ethers.js,0.002899110473432983
reactivex/rxjs,ethers-io/ethers.js,0.002899110473432983
paulmillr/noble-hashes,ethers-io/ethers.js,0.007880599318628176
paulmillr/noble-curves,ethers-io/ethers.js,0.5807985440120722
npm/node-semver,ethers-io/ethers.js,0.002899110473432983
mochajs/mocha,ethers-io/ethers.js,0.0010665231408608013
mishoo/uglifyjs,ethers-io/ethers.js,0.002899110473432983
microsoft/typescript,ethers-io/ethers.js,0.002899110473432983
karma-runner/karma-jasmine,ethers-io/ethers.js,0.002899110473432983
karma-runner/karma-coverage,ethers-io/ethers.js,0.002899110473432983
karma-runner/karma-chrome-launcher,ethers-io/ethers.js,0.002899110473432983
karma-runner/karma,ethers-io/ethers.js,0.002899110473432983
jasmine/jasmine,ethers-io/ethers.js,0.002899110473432983
ethers-io/ethers.js,ethers-io/ethers.js,0.35227212405977915
dfederm/karma-jasmine-html-reporter,ethers-io/ethers.js,0.002899110473432983
definitelytyped/definitelytyped,ethers-io/ethers.js,0.002899110473432983
bcoe/c8,ethers-io/ethers.js,0.002899110473432983
angular/zone.js,ethers-io/ethers.js,0.002899110473432983
angular/angular-cli,ethers-io/ethers.js,0.002899110473432983
angular/angular,ethers-io/ethers.js,0.002899110473432983
adraffy/ens-normalize.js,ethers-io/ethers.js,0.002899110473432983
matttproud/golang_protobuf_extensions,ethpandaops/checkpointz,0.09361754123465116
klauspost/cpuid,ethpandaops/checkpointz,0.034439968753247924
btcsuite/btcd,ethpandaops/checkpointz,0.034439968753247924
ugorji/go,ethpandaops/checkpointz,0.034439968753247924
nanmu42/gzip,ethpandaops/checkpointz,0.034439968753247924
robfig/cron,ethpandaops/checkpointz,0.034439968753247924
cespare/xxhash,ethpandaops/checkpointz,0.09361754123465116
r3labs/sse,ethpandaops/checkpointz,0.034439968753247924
spf13/cobra,ethpandaops/checkpointz,0.01890105559849714
go-playground/validator,ethpandaops/checkpointz,0.034439968753247924
decred/dcrd,ethpandaops/checkpointz,0.034439968753247924
stretchr/testify,ethpandaops/checkpointz,0.01890105559849714
chuckpreslar/emission,ethpandaops/checkpointz,0.034439968753247924
prometheus/client_golang,ethpandaops/checkpointz,0.034439968753247924
go-co-op/gocron,ethpandaops/checkpointz,0.034439968753247924
creasty/defaults,ethpandaops/checkpointz,0.034439968753247924
sirupsen/logrus,ethpandaops/checkpointz,0.034439968753247924
julienschmidt/httprouter,ethpandaops/checkpointz,0.034439968753247924
pkg/errors,ethpandaops/checkpointz,0.034439968753247924
ethpandaops/ethwallclock,ethpandaops/checkpointz,0.034439968753247924
attestantio/go-eth2-client,ethpandaops/checkpointz,0.01890105559849714
ethpandaops/beacon,ethpandaops/checkpointz,0.034439968753247924
pk910/dynamic-ssz,ethpandaops/checkpointz,0.17058228192999153
urllib3/urllib3,ethstaker/eth-docker,0.08333333333333334
psf/requests,ethstaker/eth-docker,0.08333333333333334
kjd/idna,ethstaker/eth-docker,0.08333333333333334
jmespath/jmespath.py,ethstaker/eth-docker,0.08333333333333334
jd/tenacity,ethstaker/eth-docker,0.08333333333333334
jawah/charset_normalizer,ethstaker/eth-docker,0.08333333333333334
dateutil/dateutil,ethstaker/eth-docker,0.08333333333333334
certifi/python-certifi,ethstaker/eth-docker,0.08333333333333334
boto/s3transfer,ethstaker/eth-docker,0.08333333333333334
boto/botocore,ethstaker/eth-docker,0.08333333333333334
boto/boto3,ethstaker/eth-docker,0.08333333333333334
benjaminp/six,ethstaker/eth-docker,0.08333333333333334
tobgu/pyrsistent,ethstaker/ethstaker-deposit-cli,0.00500961729316216
tartley/colorama,ethstaker/ethstaker-deposit-cli,0.0015088677325957158
samypr100/backports.asyncio.runner,ethstaker/ethstaker-deposit-cli,0.00500961729316216
ronaldoussoren/macholib,ethstaker/ethstaker-deposit-cli,0.00500961729316216
ronaldoussoren/altgraph,ethstaker/ethstaker-deposit-cli,0.00500961729316216
pytoolz/toolz,ethstaker/ethstaker-deposit-cli,0.00500961729316216
pytoolz/cytoolz,ethstaker/ethstaker-deposit-cli,0.00500961729316216
pythoncharmers/python-future,ethstaker/ethstaker-deposit-cli,0.00500961729316216
python/typing_extensions,ethstaker/ethstaker-deposit-cli,0.00500961729316216
python/mypy_extensions,ethstaker/ethstaker-deposit-cli,0.00500961729316216
python/mypy,ethstaker/ethstaker-deposit-cli,0.00500961729316216
python/importlib_metadata,ethstaker/ethstaker-deposit-cli,0.00500961729316216
python-jsonschema/referencing,ethstaker/ethstaker-deposit-cli,0.003358046894573395
python-jsonschema/jsonschema-specifications,ethstaker/ethstaker-deposit-cli,0.003358046894573395
python-jsonschema/jsonschema,ethstaker/ethstaker-deposit-cli,0.003358046894573395
python-cffi/cffi,ethstaker/ethstaker-deposit-cli,0.00500961729316216
python-attrs/attrs,ethstaker/ethstaker-deposit-cli,0.00500961729316216
pytest-dev/pytest-asyncio,ethstaker/ethstaker-deposit-cli,0.0027493362628652532
pytest-dev/pytest,ethstaker/ethstaker-deposit-cli,0.0027493362628652532
pytest-dev/pluggy,ethstaker/ethstaker-deposit-cli,0.0027493362628652532
pytest-dev/iniconfig,ethstaker/ethstaker-deposit-cli,0.0027493362628652532
pypa/packaging,ethstaker/ethstaker-deposit-cli,0.00500961729316216
pyinstaller/pyinstaller-hooks-contrib,ethstaker/ethstaker-deposit-cli,0.00500961729316216
pyinstaller/pyinstaller,ethstaker/ethstaker-deposit-cli,0.00500961729316216
pygments/pygments,ethstaker/ethstaker-deposit-cli,0.00500961729316216
pydantic/typing-inspection,ethstaker/ethstaker-deposit-cli,0.00500961729316216
pydantic/pydantic-core,ethstaker/ethstaker-deposit-cli,0.00500961729316216
pydantic/pydantic,ethstaker/ethstaker-deposit-cli,0.00500961729316216
pydanny/cached-property,ethstaker/ethstaker-deposit-cli,0.00500961729316216
pallets/click,ethstaker/ethstaker-deposit-cli,0.00500961729316216
nedbat/coveragepy,ethstaker/ethstaker-deposit-cli,0.00500961729316216
legrandin/pycryptodome,ethstaker/ethstaker-deposit-cli,0.012321670279967311
jaraco/zipp,ethstaker/ethstaker-deposit-cli,0.00500961729316216
hukkin/tomli,ethstaker/ethstaker-deposit-cli,0.00500961729316216
ethereum/py_ecc,ethstaker/ethstaker-deposit-cli,0.30228174822212267
ethereum/py-ssz,ethstaker/ethstaker-deposit-cli,0.223935826862472
ethereum/hexbytes,ethstaker/ethstaker-deposit-cli,0.04521186369778713
ethereum/eth-utils,ethstaker/ethstaker-deposit-cli,0.04521186369778713
ethereum/eth-typing,ethstaker/ethstaker-deposit-cli,0.04521186369778713
ethereum/eth-hash,ethstaker/ethstaker-deposit-cli,0.12289858752046193
erocarrera/pefile,ethstaker/ethstaker-deposit-cli,0.00500961729316216
enthought/pywin32-ctypes,ethstaker/ethstaker-deposit-cli,0.00500961729316216
eliben/pycparser,ethstaker/ethstaker-deposit-cli,0.00500961729316216
crate-py/rpds,ethstaker/ethstaker-deposit-cli,0.00500961729316216
cpburnz/python-path-specification,ethstaker/ethstaker-deposit-cli,0.00500961729316216
benjaminp/six,ethstaker/ethstaker-deposit-cli,0.00500961729316216
asweigart/pyperclip,ethstaker/ethstaker-deposit-cli,0.00500961729316216
astral-sh/ruff,ethstaker/ethstaker-deposit-cli,0.00500961729316216
annotated-types/annotated-types,ethstaker/ethstaker-deposit-cli,0.00500961729316216
amitdev/lru-dict,ethstaker/ethstaker-deposit-cli,0.00500961729316216
agronholm/exceptiongroup,ethstaker/ethstaker-deposit-cli,0.00500961729316216
hermit-os/hermit-rs,evmts/tevm-monorepo,0.0022257764887788083
r-efi/r-efi,evmts/tevm-monorepo,0.0022257764887788083
rutrum/convert-case,evmts/tevm-monorepo,0.0022257764887788083
zkcrypto/group,evmts/tevm-monorepo,0.04045158546695463
rustcrypto/macs,evmts/tevm-monorepo,0.033118957032558106
seanmonstar/want,evmts/tevm-monorepo,0.0022257764887788083
myrrlyn/tap,evmts/tevm-monorepo,0.0022257764887788083
ferrilab/ferrilab,evmts/tevm-monorepo,0.0022257764887788083
zip-rs/zip2,evmts/tevm-monorepo,0.0022257764887788083
wvwwvwwv/scalable-concurrent-containers,evmts/tevm-monorepo,0.0022257764887788083
hyperium/mime,evmts/tevm-monorepo,0.0022257764887788083
jedisct1/rust-siphash,evmts/tevm-monorepo,0.006050287783658813
sdroege/bytes-num-slice-cast,evmts/tevm-monorepo,0.0022257764887788083
paritytech/parity-common,evmts/tevm-monorepo,0.0022257764887788083
vorner/signal-hook,evmts/tevm-monorepo,0.0022257764887788083
wvwwvwwv/scalable-delayed-dealloc,evmts/tevm-monorepo,0.0022257764887788083
servo/rust-url,evmts/tevm-monorepo,0.0022257764887788083
tailhook/quick-error,evmts/tevm-monorepo,0.0022257764887788083
rust-lang/cc-rs,evmts/tevm-monorepo,0.0022257764887788083
cargo-bins/cargo-binstall,evmts/tevm-monorepo,0.0022257764887788083
burntsushi/ucd-generate,evmts/tevm-monorepo,0.0022257764887788083
alacritty/vte,evmts/tevm-monorepo,0.0022257764887788083
cryptocorrosion/cryptocorrosion,evmts/tevm-monorepo,0.00997523816277542
zkcrypto/ff,evmts/tevm-monorepo,0.04045158546695463
mmastrac/rust-ctor,evmts/tevm-monorepo,0.0022257764887788083
kokakiwi/rust-hex,evmts/tevm-monorepo,0.0022257764887788083
servo/string-cache,evmts/tevm-monorepo,0.0022257764887788083
rust-lang/regex,evmts/tevm-monorepo,0.0022257764887788083
danaugrs/overload,evmts/tevm-monorepo,0.0022257764887788083
rustcrypto/traits,evmts/tevm-monorepo,0.033118957032558106
rustcrypto/hashes,evmts/tevm-monorepo,0.13430399346035976
hawkw/matchers,evmts/tevm-monorepo,0.0022257764887788083
stebalien/term,evmts/tevm-monorepo,0.0022257764887788083
rust-random/rngs,evmts/tevm-monorepo,0.0005488697245454635
hyperium/http,evmts/tevm-monorepo,0.0022257764887788083
rustcrypto/utils,evmts/tevm-monorepo,0.06034667425834957
marshallpierce/rust-base64,evmts/tevm-monorepo,0.006050287783658813
rustcrypto/elliptic-curves,evmts/tevm-monorepo,0.16403926804440885
rustcrypto/formats,evmts/tevm-monorepo,0.0900266590791186
rustcrypto/signatures,evmts/tevm-monorepo,0.13430399346035976
alloy-rs/core,evmts/tevm-monorepo,0.024535126819693966
rustcrypto/sponges,evmts/tevm-monorepo,0.033118957032558106
peternator7/strum,evmts/tevm-monorepo,0.0022257764887788083
stebalien/tempfile,evmts/tevm-monorepo,0.0022257764887788083
seanmonstar/num_cpus,evmts/tevm-monorepo,0.0022257764887788083
recmo/uint,evmts/tevm-monorepo,0.0022257764887788083
xacrimon/dashmap,evmts/tevm-monorepo,0.0022257764887788083
serde-rs/json,evmts/tevm-monorepo,0.0022257764887788083
rust-lang/futures-rs,evmts/tevm-monorepo,0.0022257764887788083
dtolnay/thiserror,evmts/tevm-monorepo,0.0022257764887788083
serde-rs/serde,evmts/tevm-monorepo,0.0022257764887788083
foundry-rs/compilers,evmts/tevm-monorepo,0.0022257764887788083
tokio-rs/tokio,evmts/tevm-monorepo,0.0900266590791186
paradigmxyz/solar,evmts/tevm-monorepo,0.006050287783658813
rust-lang/libc,evmts/tevm-monorepo,0.0022257764887788083
matklad/once_cell,evmts/tevm-monorepo,0.0022257764887788083
rust-lang/cargo,evmts/tevm-monorepo,0.0022257764887788083
napi-rs/napi-rs,evmts/tevm-monorepo,0.0022257764887788083
goto-bus-stop/node-resolve,evmts/tevm-monorepo,0.0022257764887788083
yusufpapurcu/wmi,flashbots/mev-boost,0.0007855242167711589
victoriametrics/metrics,flashbots/mev-boost,0.0007855242167711589
valyala/histogram,flashbots/mev-boost,0.0007855242167711589
valyala/fastrand,flashbots/mev-boost,0.0004311048305976584
urfave/cli,flashbots/mev-boost,0.0007855242167711589
uber-go/zap,flashbots/mev-boost,0.0007855242167711589
uber-go/multierr,flashbots/mev-boost,0.0007855242167711589
tklauser/numcpus,flashbots/mev-boost,0.0007855242167711589
tklauser/go-sysconf,flashbots/mev-boost,0.0007855242167711589
timewasted/go-accept-headers,flashbots/mev-boost,0.0007855242167711589
supranational/blst,flashbots/mev-boost,0.31690308703131437
stretchr/testify,flashbots/mev-boost,0.0004311048305976584
sirupsen/logrus,flashbots/mev-boost,0.0007855242167711589
shirou/gopsutil,flashbots/mev-boost,0.0007855242167711589
rsc/tmplfunc,flashbots/mev-boost,0.0007855242167711589
rivo/uniseg,flashbots/mev-boost,0.0007855242167711589
prysmaticlabs/go-bitfield,flashbots/mev-boost,0.0007855242167711589
pmezard/go-difflib,flashbots/mev-boost,0.0007855242167711589
pkg/errors,flashbots/mev-boost,0.0007855242167711589
olekukonko/tablewriter,flashbots/mev-boost,0.0007855242167711589
mmcloughlin/addchain,flashbots/mev-boost,0.00023659534740833895
mitchellh/mapstructure,flashbots/mev-boost,0.0007855242167711589
minio/sha256-simd,flashbots/mev-boost,0.002135276204263565
mattn/go-runewidth,flashbots/mev-boost,0.0007855242167711589
klauspost/cpuid,flashbots/mev-boost,0.0007855242167711589
holiman/uint256,flashbots/mev-boost,0.057892972722070966
gorilla/mux,flashbots/mev-boost,0.0007855242167711589
google/uuid,flashbots/mev-boost,0.00028897820989240886
golang/snappy,flashbots/mev-boost,0.0007855242167711589
gofrs/flock,flashbots/mev-boost,0.0007855242167711589
goccy/go-yaml,flashbots/mev-boost,0.0003529587826107767
go-ole/go-ole,flashbots/mev-boost,0.0007855242167711589
ferranbt/fastssz,flashbots/mev-boost,0.0038907269158151257
ethereum/go-verkle,flashbots/mev-boost,0.007089366660492125
ethereum/go-ethereum,flashbots/mev-boost,0.23476758106308174
ethereum/c-kzg-4844,flashbots/mev-boost,0.1288431802650669
emicklei/dot,flashbots/mev-boost,0.0007855242167711589
decred/dcrd,flashbots/mev-boost,0.0007855242167711589
davecgh/go-spew,flashbots/mev-boost,0.0007855242167711589
crate-crypto/go-kzg-4844,flashbots/mev-boost,0.026012989462874718
crate-crypto/go-ipa,flashbots/mev-boost,0.0035204752967891717
consensys/gnark-crypto,flashbots/mev-boost,0.1922114384420732
consensys/bavard,flashbots/mev-boost,0.002135276204263565
bits-and-blooms/bitset,flashbots/mev-boost,0.0007855242167711589
attestantio/go-eth2-client,flashbots/mev-boost,0.0004311048305976584
attestantio/go-builder-client,flashbots/mev-boost,0.0004311048305976584
open-telemetry/opentelemetry-go,flashbots/mev-boost-relay,0.002456374328229069
spf13/cobra,flashbots/mev-boost-relay,0.0013480868139347604
open-telemetry/opentelemetry-go-instrumentation,flashbots/mev-boost-relay,0.002456374328229069
klauspost/cpuid,flashbots/mev-boost-relay,0.002456374328229069
go-gorp/gorp,flashbots/mev-boost-relay,0.002456374328229069
btcsuite/btcd,flashbots/mev-boost-relay,0.002456374328229069
aohorodnyk/mimeheader,flashbots/mev-boost-relay,0.002456374328229069
pkg/errors,flashbots/mev-boost-relay,0.002456374328229069
tdewolff/minify,flashbots/mev-boost-relay,0.002456374328229069
stretchr/testify,flashbots/mev-boost-relay,0.0013480868139347604
nytimes/gziphandler,flashbots/mev-boost-relay,0.002456374328229069
uber-go/multierr,flashbots/mev-boost-relay,0.002456374328229069
cespare/xxhash,flashbots/mev-boost-relay,0.006677117700318372
prometheus/client_golang,flashbots/mev-boost-relay,0.002456374328229069
rubenv/sql-migrate,flashbots/mev-boost-relay,0.002456374328229069
r3labs/sse,flashbots/mev-boost-relay,0.002456374328229069
tidwall/gjson,flashbots/mev-boost-relay,0.002456374328229069
alicebob/miniredis,flashbots/mev-boost-relay,0.002456374328229069
bradfitz/gomemcache,flashbots/mev-boost-relay,0.002456374328229069
gorilla/mux,flashbots/mev-boost-relay,0.002456374328229069
lib/pq,flashbots/mev-boost-relay,0.002456374328229069
sirupsen/logrus,flashbots/mev-boost-relay,0.002456374328229069
uber-go/atomic,flashbots/mev-boost-relay,0.002456374328229069
redis/go-redis,flashbots/mev-boost-relay,0.002456374328229069
decred/dcrd,flashbots/mev-boost-relay,0.002456374328229069
buger/jsonparser,flashbots/mev-boost-relay,0.002456374328229069
holiman/uint256,flashbots/mev-boost-relay,0.18103428123946552
jmoiron/sqlx,flashbots/mev-boost-relay,0.002456374328229069
ethereum/go-ethereum,flashbots/mev-boost-relay,0.7341302112800298
attestantio/go-eth2-client,flashbots/mev-boost-relay,0.0013480868139347604
goccy/go-json,flashbots/mev-boost-relay,0.0016465569527792721
attestantio/go-builder-client,flashbots/mev-boost-relay,0.0013480868139347604
ferranbt/fastssz,flashbots/mev-boost-relay,0.012166501694170342
ijackson/rust-shellexpand,flashbots/rbuilder,0.0012985928164206146
rust-lang-nursery/lazy-static.rs,flashbots/rbuilder,0.0012985928164206146
tokio-rs/tracing,flashbots/rbuilder,0.0012985928164206146
mexus/futures-retry,flashbots/rbuilder,0.0012985928164206146
rustcrypto/macs,flashbots/rbuilder,0.01932271272818579
tikv/rust-prometheus,flashbots/rbuilder,0.0012985928164206146
proptest-rs/proptest,flashbots/rbuilder,0.0007126828481997473
rust-lang/rustc-hash,flashbots/rbuilder,0.00352994125544361
dtolnay/syn,flashbots/rbuilder,0.0012985928164206146
dermesser/integer-encoding-rs,flashbots/rbuilder,0.0012985928164206146
snapview/tokio-tungstenite,flashbots/rbuilder,0.0012985928164206146
dtolnay/async-trait,flashbots/rbuilder,0.0012985928164206146
redis-rs/redis-rs,flashbots/rbuilder,0.0012985928164206146
kornelski/rust-security-framework,flashbots/rbuilder,0.0012985928164206146
clap-rs/clap,flashbots/rbuilder,0.0007126828481997473
rust-random/rand,flashbots/rbuilder,0.0003202290459257036
bluss/arrayvec,flashbots/rbuilder,0.0012985928164206146
yoshuawuyts/exponential-backoff,flashbots/rbuilder,0.0012985928164206146
garro95/priority-queue,flashbots/rbuilder,0.0012985928164206146
alloy-rs/chains,flashbots/rbuilder,0.0352082781365723
guillaumegomez/sysinfo,flashbots/rbuilder,0.0012985928164206146
rust-lang-nursery/futures-rs,flashbots/rbuilder,0.0012985928164206146
paritytech/libsecp256k1,flashbots/rbuilder,0.007856028739163837
dvush/mempool-dumpster-rs,flashbots/rbuilder,0.0012985928164206146
mitsuhiko/sha1-smol,flashbots/rbuilder,0.00352994125544361
hyperium/hyper,flashbots/rbuilder,0.0012985928164206146
rust-itertools/itertools,flashbots/rbuilder,0.0012985928164206146
dtolnay/thiserror,flashbots/rbuilder,0.0012985928164206146
hyperium/tonic,flashbots/rbuilder,0.0012985928164206146
hyperium/http,flashbots/rbuilder,0.0012985928164206146
briansmith/ring,flashbots/rbuilder,0.0012985928164206146
jeromefroe/lru-rs,flashbots/rbuilder,0.0012985928164206146
koute/schnellru,flashbots/rbuilder,0.0012985928164206146
jeikabu/runng,flashbots/rbuilder,0.0012985928164206146
eyre-rs/eyre,flashbots/rbuilder,0.0012985928164206146
xacrimon/dashmap,flashbots/rbuilder,0.0012985928164206146
sigp/ethereum_ssz,flashbots/rbuilder,0.05804863706849302
serde-rs/serde,flashbots/rbuilder,0.0012985928164206146
tkaitchuck/ahash,flashbots/rbuilder,0.00352994125544361
jeikabu/nng-rust,flashbots/rbuilder,0.0012985928164206146
hyperium/hyper-util,flashbots/rbuilder,0.0012985928164206146
rust-lang/futures-rs,flashbots/rbuilder,0.0012985928164206146
paholg/typenum,flashbots/rbuilder,0.0012985928164206146
amanieu/parking_lot,flashbots/rbuilder,0.0012985928164206146
seanmonstar/reqwest,flashbots/rbuilder,0.0012985928164206146
toml-rs/toml,flashbots/rbuilder,0.0012985928164206146
sigp/tree_hash,flashbots/rbuilder,0.009595375170200274
paradigmxyz/revm-inspectors,flashbots/rbuilder,0.10577151293954658
cberner/redb,flashbots/rbuilder,0.0012985928164206146
metrics-rs/metrics,flashbots/rbuilder,0.0012985928164206146
alloy-rs/trie,flashbots/rbuilder,0.07835746401468814
alloy-rs/nybbles,flashbots/rbuilder,0.01431461766203858
tokio-rs/prost,flashbots/rbuilder,0.0012985928164206146
paritytech/jsonrpsee,flashbots/rbuilder,0.0012985928164206146
clickhouse/clickhouse-rs,flashbots/rbuilder,0.0012985928164206146
alloy-rs/eips,flashbots/rbuilder,0.09570602266997635
tower-rs/tower,flashbots/rbuilder,0.0012985928164206146
launchbadge/sqlx,flashbots/rbuilder,0.0012985928164206146
bluealloy/revm,flashbots/rbuilder,0.1291896176391362
eclipse-iceoryx/iceoryx2,flashbots/rbuilder,0.0012985928164206146
sigp/ssz_types,flashbots/rbuilder,0.09570602266997635
crossbeam-rs/crossbeam,flashbots/rbuilder,0.0012985928164206146
serde-rs/json,flashbots/rbuilder,0.0012985928164206146
time-rs/time,flashbots/rbuilder,0.0012985928164206146
alloy-rs/rlp,flashbots/rbuilder,0.07835746401468814
rayon-rs/rayon,flashbots/rbuilder,0.0012985928164206146
mcarton/rust-derivative,flashbots/rbuilder,0.0012985928164206146
rust-lang/cargo,flashbots/rbuilder,0.0012985928164206146
tokio-rs/tokio,flashbots/rbuilder,0.05252457888556173
alloy-rs/alloy-evm,flashbots/rbuilder,0.14277660833208597
burntsushi/ripgrep,foundry-rs/foundry,0.00040613428742042735
sdroege/bytes-num-slice-cast,foundry-rs/foundry,0.0013484133205681102
rustcrypto/formats,foundry-rs/foundry,0.05453968398018748
seeker14491/opener,foundry-rs/foundry,0.0013484133205681102
gresau/schemars,foundry-rs/foundry,0.0013484133205681102
jethrogb/rust-cexpr,foundry-rs/foundry,0.0013484133205681102
anatawa12/deflate64-rs,foundry-rs/foundry,0.0013484133205681102
rust-lang/rust-bindgen,foundry-rs/foundry,0.0013484133205681102
diwic/dbus-rs,foundry-rs/foundry,0.0013484133205681102
arkworks-rs/snark,foundry-rs/foundry,0.011011372288128735
yoshuawuyts/fd-lock,foundry-rs/foundry,0.0013484133205681102
rustcrypto/utils,foundry-rs/foundry,0.03655904347636848
rapidfuzz/strsim-rs,foundry-rs/foundry,0.0013484133205681102
arkworks-rs/algebra,foundry-rs/foundry,0.016758885297136324
rustcrypto/signatures,foundry-rs/foundry,0.08136364756319357
alexcrichton/bzip2-rs,foundry-rs/foundry,0.0013484133205681102
amanieu/atomic-rs,foundry-rs/foundry,0.0013484133205681102
watchexec/clearscreen,foundry-rs/foundry,0.0013484133205681102
mitsuhiko/similar,foundry-rs/foundry,0.0013484133205681102
allan2/dotenvy,foundry-rs/foundry,0.0013484133205681102
conradkleinespel/rpassword,foundry-rs/foundry,0.0013484133205681102
rust-lang/mdbook,foundry-rs/foundry,0.0003325146309905162
jonhoo/inferno,foundry-rs/foundry,0.0013484133205681102
rust-lang/glob,foundry-rs/foundry,0.0006058811605327321
marshallpierce/rust-base64,foundry-rs/foundry,0.003665367426552415
enarx/ciborium,foundry-rs/foundry,0.0013484133205681102
nukesor/comfy-table,foundry-rs/foundry,0.00040613428742042735
dtolnay/paste,foundry-rs/foundry,0.0006058811605327321
alloy-rs/svm-rs,foundry-rs/foundry,0.04465331653773403
kkawakam/rustyline,foundry-rs/foundry,0.0013484133205681102
rust-cli/anstyle,foundry-rs/foundry,0.0013484133205681102
gnomeddev/proc-macro-error-2,foundry-rs/foundry,0.0007400249205919635
rhysd/path-slash,foundry-rs/foundry,0.0013484133205681102
crossterm-rs/crossterm,foundry-rs/foundry,0.0013484133205681102
withoutboats/heck,foundry-rs/foundry,0.0013484133205681102
alexcrichton/cfg-if,foundry-rs/foundry,0.0013484133205681102
nextest-rs/quick-junit,foundry-rs/foundry,0.0007400249205919635
chronotope/chrono,foundry-rs/foundry,0.0006058811605327321
asomers/mockall,foundry-rs/foundry,0.0004960535388387253
burntsushi/memchr,foundry-rs/foundry,0.0013484133205681102
ratatui/ratatui,foundry-rs/foundry,0.00040613428742042735
toml-rs/toml,foundry-rs/foundry,0.0013484133205681102
kotauskas/interprocess,foundry-rs/foundry,0.0013484133205681102
console-rs/console,foundry-rs/foundry,0.0004960535388387253
time-rs/time,foundry-rs/foundry,0.0013484133205681102
rust-lang/backtrace-rs,foundry-rs/foundry,0.0006058811605327321
assert-rs/snapbox,foundry-rs/foundry,0.0013484133205681102
console-rs/dialoguer,foundry-rs/foundry,0.0001494084546967888
paritytech/fdlimit,foundry-rs/foundry,0.0003325146309905162
jeltef/derive_more,foundry-rs/foundry,0.0006058811605327321
detegr/rust-ctrlc,foundry-rs/foundry,0.0013484133205681102
rust-lang/flate2-rs,foundry-rs/foundry,0.0013484133205681102
taiki-e/pin-project,foundry-rs/foundry,0.0013484133205681102
watchexec/watchexec,foundry-rs/foundry,0.0013484133205681102
alloy-rs/hardforks,foundry-rs/foundry,0.05453968398018748
tokio-rs/axum,foundry-rs/foundry,0.0013484133205681102
eyre-rs/eyre,foundry-rs/foundry,0.0013484133205681102
auto-impl-rs/auto_impl,foundry-rs/foundry,0.0013484133205681102
rustcrypto/elliptic-curves,foundry-rs/foundry,0.09937778354765663
alloy-rs/eips,foundry-rs/foundry,0.09937778354765663
colin-kiegel/rust-derive-builder,foundry-rs/foundry,0.0013484133205681102
alloy-rs/chains,foundry-rs/foundry,0.03655904347636848
dtolnay/async-trait,foundry-rs/foundry,0.0013484133205681102
clap-rs/clap,foundry-rs/foundry,0.0007400249205919635
tokio-rs/bytes,foundry-rs/foundry,0.03655904347636848
alloy-rs/rlp,foundry-rs/foundry,0.08136364756319357
tokio-rs/tokio,foundry-rs/foundry,0.05453968398018748
alloy-rs/alloy-evm,foundry-rs/foundry,0.14825423189324238
roynalnaruto/eth-keystore-rs,foundry-rs/foundry,0.0013484133205681102
alloy-rs/trie,foundry-rs/foundry,0.08136364756319357
cad97/pointer-utils,grandinetech/grandine,0.0011081758342950138
fitzgen/bumpalo,grandinetech/grandine,0.0011081758342950138
smol-rs/async-process,grandinetech/grandine,0.0011081758342950138
rustcrypto/formats,grandinetech/grandine,0.04482272525420204
rustcrypto/block-ciphers,grandinetech/grandine,0.016489359118296944
paritytech/exit-future,grandinetech/grandine,0.0011081758342950138
ia0/data-encoding,grandinetech/grandine,0.0011081758342950138
smol-rs/async-task,grandinetech/grandine,0.0011081758342950138
rustcrypto/block-modes,grandinetech/grandine,0.016489359118296944
smol-rs/blocking,grandinetech/grandine,0.0011081758342950138
async-rs/async-std,grandinetech/grandine,0.0011081758342950138
danielkeep/rust-custom-derive,grandinetech/grandine,0.0011081758342950138
rustcrypto/aeads,grandinetech/grandine,0.016489359118296944
magiclen/educe,grandinetech/grandine,0.0011081758342950138
paritytech/parity-common,grandinetech/grandine,0.0011081758342950138
whentze/drain_filter_polyfill,grandinetech/grandine,0.0011081758342950138
smol-rs/async-executor,grandinetech/grandine,0.0011081758342950138
keruspe/async-global-executor,grandinetech/grandine,0.0004979354996835165
burntsushi/bstr,grandinetech/grandine,0.0011081758342950138
xudong-huang/generator-rs,grandinetech/grandine,0.0011081758342950138
rustcrypto/stream-ciphers,grandinetech/grandine,0.016489359118296944
webdesus/fs_extra,grandinetech/grandine,0.0011081758342950138
dcchut/async-recursion,grandinetech/grandine,0.0011081758342950138
rust-lang/cc-rs,grandinetech/grandine,0.0011081758342950138
danielkeep/rust-conv,grandinetech/grandine,0.0011081758342950138
rustcrypto/utils,grandinetech/grandine,0.030045571255839516
fusion-engineering/rust-git-version,grandinetech/grandine,0.0011081758342950138
rustcrypto/traits,grandinetech/grandine,0.016489359118296944
rodrimati1992/const_format_crates,grandinetech/grandine,0.0011081758342950138
rustcrypto/hashes,grandinetech/grandine,0.06686764854980766
davidpdrsn/assert-json-diff,grandinetech/grandine,0.0007428324762602168
xdg-rs/dirs,grandinetech/grandine,0.0011081758342950138
alephalpha/build-time,grandinetech/grandine,0.0006081797926993093
marshallpierce/rust-base64,grandinetech/grandine,0.003012334233101578
taiki-e/easy-ext,grandinetech/grandine,0.0011081758342950138
rust-lang/futures-rs,grandinetech/grandine,0.0011081758342950138
bytesize-rs/bytesize,grandinetech/grandine,0.0011081758342950138
cesarb/constant_time_eq,grandinetech/grandine,0.0011081758342950138
servo/rust-fnv,grandinetech/grandine,0.0011081758342950138
stephaneyfx/enum-iterator,grandinetech/grandine,0.0011081758342950138
rust-lang/glob,grandinetech/grandine,0.0004979354996835165
jaemk/cached,grandinetech/grandine,0.0011081758342950138
servo/rust-url,grandinetech/grandine,0.0011081758342950138
rust-lang/rust-bindgen,grandinetech/grandine,0.0011081758342950138
teddriggs/darling,grandinetech/grandine,0.0011081758342950138
tokio-rs/axum,grandinetech/grandine,0.0011081758342950138
chronotope/chrono,grandinetech/grandine,0.0004979354996835165
rayon-rs/either,grandinetech/grandine,0.0011081758342950138
agemanning/delay_map,grandinetech/grandine,0.0011081758342950138
bheisler/criterion.rs,grandinetech/grandine,0.0011081758342950138
lymia/enumset,grandinetech/grandine,0.0011081758342950138
emoun/duplicate,grandinetech/grandine,0.0011081758342950138
jeltef/derive_more,grandinetech/grandine,0.0004979354996835165
andrewhickman/fs-err,grandinetech/grandine,0.0011081758342950138
clap-rs/clap,grandinetech/grandine,0.0006081797926993093
vorner/arc-swap,grandinetech/grandine,0.0011081758342950138
xacrimon/dashmap,grandinetech/grandine,0.0011081758342950138
phil-opp/rust-bit-field,grandinetech/grandine,0.0011081758342950138
mcarton/rust-derivative,grandinetech/grandine,0.0011081758342950138
burntsushi/byteorder,grandinetech/grandine,0.0011081758342950138
supranational/blst,grandinetech/grandine,0.44707003980744264
fizyk20/generic-array,grandinetech/grandine,0.0011081758342950138
rustcrypto/universal-hashes,grandinetech/grandine,0.04482272525420204
sigp/discv5,grandinetech/grandine,0.014920189129667505
dtolnay/anyhow,grandinetech/grandine,0.0011081758342950138
zkcrypto/bls12_381,grandinetech/grandine,0.12184079956050965
bitvecto-rs/bitvec,grandinetech/grandine,0.0011081758342950138
alloy-rs/rlp,grandinetech/grandine,0.06686764854980766
bincode-org/bincode,grandinetech/grandine,0.0011081758342950138
zkcrypto/ff,grandinetech/grandine,0.020140148707381435
xrash/smetrics,holiman/goevmlab,0.0007532316886641265
victoriametrics/fastcache,holiman/goevmlab,0.0007532316886641265
urfave/cli,holiman/goevmlab,0.0007532316886641265
tklauser/numcpus,holiman/goevmlab,0.0007532316886641265
tklauser/go-sysconf,holiman/goevmlab,0.0007532316886641265
supranational/blst,holiman/goevmlab,0.3038753513782641
stackexchange/wmi,holiman/goevmlab,0.0007532316886641265
shirou/gopsutil,holiman/goevmlab,0.0007532316886641265
russross/blackfriday,holiman/goevmlab,0.0007532316886641265
rivo/uniseg,holiman/goevmlab,0.0007532316886641265
rivo/tview,holiman/goevmlab,0.0007532316886641265
olekukonko/tablewriter,holiman/goevmlab,0.0007532316886641265
mitchellh/mapstructure,holiman/goevmlab,0.0007532316886641265
minio/sha256-simd,holiman/goevmlab,0.0020474960119152164
mattn/go-runewidth,holiman/goevmlab,0.0007532316886641265
lucasb-eyer/go-colorful,holiman/goevmlab,0.00022686902485448873
klauspost/cpuid,holiman/goevmlab,0.0007532316886641265
golang/snappy,holiman/goevmlab,0.0007532316886641265
gofrs/flock,holiman/goevmlab,0.0007532316886641265
go-ole/go-ole,holiman/goevmlab,0.0007532316886641265
gdamore/tcell,holiman/goevmlab,0.0007532316886641265
gdamore/encoding,holiman/goevmlab,0.0007532316886641265
ferranbt/fastssz,holiman/goevmlab,0.003730780977035304
ethereum/go-verkle,holiman/goevmlab,0.006797926158395303
ethereum/go-ethereum,holiman/goevmlab,0.22511639711707726
ethereum/c-kzg-4844,holiman/goevmlab,0.12354649821341578
emicklei/dot,holiman/goevmlab,0.0007532316886641265
decred/dcrd,holiman/goevmlab,0.0007532316886641265
deckarep/golang-set,holiman/goevmlab,0.0007532316886641265
datadog/zstd,holiman/goevmlab,0.0007532316886641265
crate-crypto/go-kzg-4844,holiman/goevmlab,0.02494360779972157
crate-crypto/go-ipa,holiman/goevmlab,0.0033757502265183
crate-crypto/go-eth-kzg,holiman/goevmlab,0.10115131752241752
cpuguy83/go-md2man,holiman/goevmlab,0.0007532316886641265
consensys/gnark-crypto,holiman/goevmlab,0.18430971734186682
cespare/xxhash,holiman/goevmlab,0.0020474960119152164
bits-and-blooms/bitset,holiman/goevmlab,0.0007532316886641265
xerial/snappy-java,hyperledger/besu,0.013549990978288459
web3j/web3j-quorum,hyperledger/besu,0.013549990978288459
web3j/web3j,hyperledger/besu,0.013549990978288459
typetools/checker-framework,hyperledger/besu,0.013549990978288459
square/okio,hyperledger/besu,0.013549990978288459
square/okhttp,hyperledger/besu,0.013549990978288459
spring-projects/spring-security,hyperledger/besu,0.013549990978288459
remkop/picocli,hyperledger/besu,0.013549990978288459
qos-ch/slf4j,hyperledger/besu,0.013549990978288459
protocolbuffers/protobuf,hyperledger/besu,0.03683269425206552
owasp/owasp-java-encoder,hyperledger/besu,0.013549990978288459
oshi/oshi,hyperledger/besu,0.013549990978288459
opentracing/opentracing-java,hyperledger/besu,0.013549990978288459
opentracing-contrib/java-okhttp,hyperledger/besu,0.013549990978288459
open-telemetry/opentelemetry-java,hyperledger/besu,0.013549990978288459
mockito/mockito,hyperledger/besu,0.004984763108970843
kotlin/kotlinx.coroutines,hyperledger/besu,0.013549990978288459
jupnp/jupnp,hyperledger/besu,0.013549990978288459
junit-team/junit5,hyperledger/besu,0.013549990978288459
java-native-access/jna,hyperledger/besu,0.013549990978288459
jacoco/jacoco,hyperledger/besu,0.013549990978288459
immutables/immutables,hyperledger/besu,0.013549990978288459
grpc/grpc-java,hyperledger/besu,0.03683269425206552
graphql-java/graphql-java,hyperledger/besu,0.013549990978288459
google/guava,hyperledger/besu,0.013549990978288459
google/error-prone-javac,hyperledger/besu,0.013549990978288459
google/error-prone,hyperledger/besu,0.013549990978288459
google/dagger,hyperledger/besu,0.013549990978288459
google/auto,hyperledger/besu,0.013549990978288459
fusesource/jansi,hyperledger/besu,0.004984763108970843
fasterxml/jackson-modules-java8,hyperledger/besu,0.013549990978288459
fasterxml/jackson-databind,hyperledger/besu,0.044987554349943074
fasterxml/jackson-bom,hyperledger/besu,0.013549990978288459
facebook/rocksdb,hyperledger/besu,0.05494792296590102
eclipse/vert.x,hyperledger/besu,0.013549990978288459
dropwizard/metrics,hyperledger/besu,0.013549990978288459
dnsjava/dnsjava,hyperledger/besu,0.013549990978288459
consensys/tuweni,hyperledger/besu,0.03683269425206552
consensys/jc-kzg-4844,hyperledger/besu,0.2721588441032726
ben-manes/caffeine,hyperledger/besu,0.013549990978288459
bcgit/bc-java,hyperledger/besu,0.013549990978288459
awaitility/awaitility,hyperledger/besu,0.013549990978288459
assertj/assertj,hyperledger/besu,0.013549990978288459
apache/maven,hyperledger/besu,0.013549990978288459
apache/logging-log4j2,hyperledger/besu,0.006088403410072053
antlr/antlr4,hyperledger/besu,0.013549990978288459
chfast/intx,ipsilon/evmone,0.2689414213699951
chfast/ethash,ipsilon/evmone,0.7310585786300049
vercel/satori,l2beat/l2beat,0.005521455831471731
koajs/compress,l2beat/l2beat,0.005521455831471731
merencia/node-cron,l2beat/l2beat,0.005521455831471731
swagger-api/swagger-ui,l2beat/l2beat,0.005521455831471731
react-syntax-highlighter/react-syntax-highlighter,l2beat/l2beat,0.005521455831471731
gpbl/react-day-picker,l2beat/l2beat,0.005521455831471731
sinonjs/fake-timers,l2beat/l2beat,0.0030302392084909035
chalk/chalk,l2beat/l2beat,0.005521455831471731
pacocoursey/next-themes,l2beat/l2beat,0.005521455831471731
yisibl/resvg-js,l2beat/l2beat,0.005521455831471731
koajs/etag,l2beat/l2beat,0.005521455831471731
sindresorhus/strip-json-comments,l2beat/l2beat,0.0037011425271358802
evanw/node-source-map-support,l2beat/l2beat,0.005521455831471731
discordjs/discord.js,l2beat/l2beat,0.005521455831471731
lukeed/clsx,l2beat/l2beat,0.005521455831471731
expressjs/cors,l2beat/l2beat,0.005521455831471731
themesberg/flowbite-react,l2beat/l2beat,0.005521455831471731
isaacs/rimraf,l2beat/l2beat,0.005521455831471731
alpinejs/alpine,l2beat/l2beat,0.005521455831471731
typestrong/ts-node,l2beat/l2beat,0.005521455831471731
image-size/image-size,l2beat/l2beat,0.005521455831471731
joe-bell/cva,l2beat/l2beat,0.005521455831471731
markdown-it/markdown-it,l2beat/l2beat,0.005521455831471731
mateuszradomski/tinyerc55,l2beat/l2beat,0.005521455831471731
biomejs/biome,l2beat/l2beat,0.005521455831471731
valtyr/prisma-kysely,l2beat/l2beat,0.005521455831471731
d3/d3-force,l2beat/l2beat,0.005521455831471731
changesets/changesets,l2beat/l2beat,0.005521455831471731
jonschlinkert/gray-matter,l2beat/l2beat,0.005521455831471731
expressjs/compression,l2beat/l2beat,0.005521455831471731
mochajs/mocha,l2beat/l2beat,0.002031230085734622
microsoft/monaco-editor,l2beat/l2beat,0.005521455831471731
lukeed/sirv,l2beat/l2beat,0.005521455831471731
lodash/lodash,l2beat/l2beat,0.005521455831471731
uhop/stream-chain,l2beat/l2beat,0.00166303053776816
motdotla/dotenv,l2beat/l2beat,0.005521455831471731
uhop/stream-json,l2beat/l2beat,0.0037011425271358802
node-fetch/node-fetch,l2beat/l2beat,0.005521455831471731
elastic/apm-agent-nodejs,l2beat/l2beat,0.005521455831471731
fabiospampinato/graphviz-wasm,l2beat/l2beat,0.060863981508235035
vercel/turborepo,l2beat/l2beat,0.005521455831471731
prisma/prisma,l2beat/l2beat,0.005521455831471731
pmndrs/zustand,l2beat/l2beat,0.005521455831471731
recharts/recharts,l2beat/l2beat,0.005521455831471731
pacocoursey/cmdk,l2beat/l2beat,0.005521455831471731
postcss/postcss,l2beat/l2beat,0.005521455831471731
paritytech/polkadot-api,l2beat/l2beat,0.005521455831471731
tailwindlabs/tailwindcss,l2beat/l2beat,0.005521455831471731
microsoft/node-jsonc-parser,l2beat/l2beat,0.0037011425271358802
domoritz/clingo-wasm,l2beat/l2beat,0.01833187894421169
evanw/esbuild,l2beat/l2beat,0.005521455831471731
koajs/koa,l2beat/l2beat,0.005521455831471731
vitejs/vite-plugin-react,l2beat/l2beat,0.005521455831471731
postcss/autoprefixer,l2beat/l2beat,0.005521455831471731
cheeriojs/cheerio,l2beat/l2beat,0.005521455831471731
react-hook-form/react-hook-form,l2beat/l2beat,0.005521455831471731
radix-ui/primitives,l2beat/l2beat,0.005521455831471731
polkadot-js/api,l2beat/l2beat,0.005521455831471731
wevm/viem,l2beat/l2beat,0.5492982547411296
expressjs/express,l2beat/l2beat,0.005521455831471731
farzher/fuzzysort,l2beat/l2beat,0.005521455831471731
vitejs/vite,l2beat/l2beat,0.005521455831471731
mikemcl/bignumber.js,l2beat/l2beat,0.005521455831471731
koskimas/kysely,l2beat/l2beat,0.005521455831471731
brianc/node-postgres,l2beat/l2beat,0.005521455831471731
remix-run/react-router,l2beat/l2beat,0.005521455831471731
googleapis/nodejs-bigquery,l2beat/l2beat,0.005521455831471731
facebook/react,l2beat/l2beat,0.005521455831471731
panva/jose,l2beat/l2beat,0.005521455831471731
mateuszradomski/fast-solidity-parser,l2beat/l2beat,0.022390607504718503
dtolnay/thiserror,lambdaclass/ethrex,0.0016234619228205397
xampprocky/tokei,lambdaclass/ethrex,0.0016234619228205397
rustcrypto/sponges,lambdaclass/ethrex,0.024156677877115843
stub42/pytz,lambdaclass/ethrex,0.0016234619228205397
peternator7/strum,lambdaclass/ethrex,0.0016234619228205397
sp1-patches/bls12_381,lambdaclass/ethrex,0.009821372304962245
hyperium/headers,lambdaclass/ethrex,0.0016234619228205397
bheisler/criterion.rs,lambdaclass/ethrex,0.0016234619228205397
jeltef/derive_more,lambdaclass/ethrex,0.0007294684640647061
jeromefroe/lru-rs,lambdaclass/ethrex,0.0016234619228205397
burntsushi/walkdir,lambdaclass/ethrex,0.0016234619228205397
python/tzdata,lambdaclass/ethrex,0.0016234619228205397
rkyv/rkyv,lambdaclass/ethrex,0.0016234619228205397
magiclen/enum-ordinalize,lambdaclass/ethrex,0.0016234619228205397
rust-lang/rustc-hash,lambdaclass/ethrex,0.004413027043998255
jonasbb/serde_with,lambdaclass/ethrex,0.0016234619228205397
rust-lang/log,lambdaclass/ethrex,0.0016234619228205397
keats/jsonwebtoken,lambdaclass/ethrex,0.0016234619228205397
encode/httpcore,lambdaclass/ethrex,0.0016234619228205397
nhairs/python-json-logger,lambdaclass/ethrex,0.00017988470852950335
bluealloy/revm,lambdaclass/ethrex,0.16150899836253932
rust-random/rand,lambdaclass/ethrex,0.0004003407812423479
arthurprs/qfilter,lambdaclass/ethrex,0.0016234619228205397
dtolnay/anyhow,lambdaclass/ethrex,0.0016234619228205397
bitvecto-rs/bitvec,lambdaclass/ethrex,0.0016234619228205397
tikv/jemallocator,lambdaclass/ethrex,0.0016234619228205397
tokio-rs/tracing,lambdaclass/ethrex,0.0016234619228205397
succinctlabs/kzg-rs,lambdaclass/ethrex,0.01199585122219879
cryptape/cita-trie,lambdaclass/ethrex,0.006583462735595447
soc/directories-rs,lambdaclass/ethrex,0.0016234619228205397
eliben/pycparser,lambdaclass/ethrex,0.0016234619228205397
0xpolygonzero/plonky3,lambdaclass/ethrex,0.0016234619228205397
tokio-rs/axum,lambdaclass/ethrex,0.0016234619228205397
rust-lang-nursery/lazy-static.rs,lambdaclass/ethrex,0.0016234619228205397
clap-rs/clap,lambdaclass/ethrex,0.0008909747939994945
zkcrypto/pairing,lambdaclass/ethrex,0.02950503298709605
ratatui/ratatui,lambdaclass/ethrex,0.0004889773344134006
rust-num/num-bigint,lambdaclass/ethrex,0.004413027043998255
rust-lang/futures-rs,lambdaclass/ethrex,0.0016234619228205397
lokathor/tinyvec,lambdaclass/ethrex,0.0016234619228205397
nix-rust/nix,lambdaclass/ethrex,0.0016234619228205397
ethiraric/yaml-rust2,lambdaclass/ethrex,0.0016234619228205397
seanmonstar/reqwest,lambdaclass/ethrex,0.0016234619228205397
bincode-org/bincode,lambdaclass/ethrex,0.0016234619228205397
rust-num/num-integer,lambdaclass/ethrex,0.0016234619228205397
tokio-rs/tokio,lambdaclass/ethrex,0.06566465850930263
srijs/rust-crc32fast,lambdaclass/ethrex,0.0016234619228205397
rust-lang/libc,lambdaclass/ethrex,0.0016234619228205397
gin66/tui-logger,lambdaclass/ethrex,0.0002683564509123144
simd-lite/simd-json,lambdaclass/ethrex,0.001088239070842172
eyre-rs/eyre,lambdaclass/ethrex,0.0016234619228205397
mhogrefe/malachite,lambdaclass/ethrex,0.0016234619228205397
tspiteri/rug,lambdaclass/ethrex,0.0016234619228205397
dtolnay/async-trait,lambdaclass/ethrex,0.0016234619228205397
rust-num/num-derive,lambdaclass/ethrex,0.0016234619228205397
rust-lang/cargo,lambdaclass/ethrex,0.0016234619228205397
rustcrypto/elliptic-curves,lambdaclass/ethrex,0.11964880879102287
risc0/risc0,lambdaclass/ethrex,0.0016234619228205397
rust-bitcoin/rust-secp256k1,lambdaclass/ethrex,0.009821372304962245
serde-rs/serde,lambdaclass/ethrex,0.0016234619228205397
tursodatabase/libsql,lambdaclass/ethrex,0.0016234619228205397
succinctlabs/sp1,lambdaclass/ethrex,0.11964880879102287
rayon-rs/rayon,lambdaclass/ethrex,0.0016234619228205397
entropyxyz/configfs-tsm,lambdaclass/ethrex,0.0016234619228205397
rust-rocksdb/rust-rocksdb,lambdaclass/ethrex,0.006583462735595447
alloy-rs/rlp,lambdaclass/ethrex,0.0979601593263576
paritytech/bn,lambdaclass/ethrex,0.0016234619228205397
zkcrypto/bls12_381,lambdaclass/ethrex,0.17849504799780577
rustcrypto/crypto-bigint,lambdaclass/ethrex,0.06566465850930263
gakonst/ethers-rs,lambdaclass/ethrex,0.00539008340337489
rust-random/rngs,lambdaclass/lambda_ethereum_consensus,0.0003527870843030045
coreos/go-systemd,lambdaclass/lambda_ethereum_consensus,0.001430622172568773
rustcrypto/macs,lambdaclass/lambda_ethereum_consensus,0.02128727412747807
sdroege/bytes-num-slice-cast,lambdaclass/lambda_ethereum_consensus,0.001430622172568773
uber-go/multierr,lambdaclass/lambda_ethereum_consensus,0.001430622172568773
rustcrypto/hashes,lambdaclass/lambda_ethereum_consensus,0.08632415333596254
i18n-site/rust,lambdaclass/lambda_ethereum_consensus,0.001430622172568773
uber-go/fx,lambdaclass/lambda_ethereum_consensus,0.001430622172568773
onsi/ginkgo,lambdaclass/lambda_ethereum_consensus,0.001430622172568773
ferrilab/ferrilab,lambdaclass/lambda_ethereum_consensus,0.001430622172568773
arkworks-rs/algebra,lambdaclass/lambda_ethereum_consensus,0.0177806259608283
dtolnay/quote,lambdaclass/lambda_ethereum_consensus,0.001430622172568773
cespare/xxhash,lambdaclass/lambda_ethereum_consensus,0.0038888342550842956
stackexchange/wmi,lambdaclass/lambda_ethereum_consensus,0.001430622172568773
rust-lang/cc-rs,lambdaclass/lambda_ethereum_consensus,0.001430622172568773
dtolnay/semver,lambdaclass/lambda_ethereum_consensus,0.001430622172568773
recmo/uint,lambdaclass/lambda_ethereum_consensus,0.001430622172568773
hashicorp/golang-lru,lambdaclass/lambda_ethereum_consensus,0.0038888342550842956
reem/rust-unreachable,lambdaclass/lambda_ethereum_consensus,0.001430622172568773
klauspost/cpuid,lambdaclass/lambda_ethereum_consensus,0.001430622172568773
burntsushi/ucd-generate,lambdaclass/lambda_ethereum_consensus,0.001430622172568773
paritytech/parity-common,lambdaclass/lambda_ethereum_consensus,0.001430622172568773
kokakiwi/rust-hex,lambdaclass/lambda_ethereum_consensus,0.001430622172568773
rustcrypto/utils,lambdaclass/lambda_ethereum_consensus,0.038787942396744254
godbus/dbus,lambdaclass/lambda_ethereum_consensus,0.001430622172568773
uber-go/zap,lambdaclass/lambda_ethereum_consensus,0.001430622172568773
rustcrypto/formats,lambdaclass/lambda_ethereum_consensus,0.05786481043815002
ipfs/go-log,lambdaclass/lambda_ethereum_consensus,0.0006428199788434559
cryptocorrosion/cryptocorrosion,lambdaclass/lambda_ethereum_consensus,0.006411603754584766
decred/dcrd,lambdaclass/lambda_ethereum_consensus,0.001430622172568773
libp2p/go-yamux,lambdaclass/lambda_ethereum_consensus,0.019261522158530935
pkg/errors,lambdaclass/lambda_ethereum_consensus,0.001430622172568773
myrrlyn/tap,lambdaclass/lambda_ethereum_consensus,0.001430622172568773
golang/snappy,lambdaclass/lambda_ethereum_consensus,0.001430622172568773
dtolnay/proc-macro2,lambdaclass/lambda_ethereum_consensus,0.0007851420951598589
tokio-rs/bytes,lambdaclass/lambda_ethereum_consensus,0.038787942396744254
btcsuite/btcd,lambdaclass/lambda_ethereum_consensus,0.001430622172568773
libp2p/go-libp2p-pubsub,lambdaclass/lambda_ethereum_consensus,0.019261522158530935
libp2p/go-libp2p-mplex,lambdaclass/lambda_ethereum_consensus,0.019261522158530935
paholg/typenum,lambdaclass/lambda_ethereum_consensus,0.001430622172568773
multiformats/go-multiaddr,lambdaclass/lambda_ethereum_consensus,0.001430622172568773
rusterlium/rustler,lambdaclass/lambda_ethereum_consensus,0.001430622172568773
ethereum/go-ethereum,lambdaclass/lambda_ethereum_consensus,0.427566330481478
sigp/ethereum_ssz,lambdaclass/lambda_ethereum_consensus,0.06395050567620356
sigp/ssz_types,lambdaclass/lambda_ethereum_consensus,0.10543655898038608
sigp/tree_hash,lambdaclass/lambda_ethereum_consensus,0.010570947489484709
libp2p/go-libp2p,lambdaclass/lambda_ethereum_consensus,0.019261522158530935
tokio-rs/tokio,lambdaclass/lambdaworks,0.09031258869484572
tkaitchuck/constrandom,lambdaclass/lambdaworks,0.0012254116892506447
tikv/pprof-rs,lambdaclass/lambdaworks,0.0022328456772018916
tczajka/ibig-rs,lambdaclass/lambdaworks,0.0022328456772018916
serde-rs/serde,lambdaclass/lambdaworks,0.0022328456772018916
serde-rs/json,lambdaclass/lambdaworks,0.0022328456772018916
rustwasm/wee_alloc,lambdaclass/lambdaworks,0.007413308718737149
rustwasm/wasm-bindgen,lambdaclass/lambdaworks,0.007413308718737149
rustcrypto/traits,lambdaclass/lambdaworks,0.03322414465980616
rustcrypto/hashes,lambdaclass/lambdaworks,0.13473055032288855
rust-random/rand,lambdaclass/lambdaworks,0.000550612964948127
rust-random/getrandom,lambdaclass/lambdaworks,0.000550612964948127
rust-num/num-traits,lambdaclass/lambdaworks,0.0022328456772018916
rust-num/num-integer,lambdaclass/lambdaworks,0.0022328456772018916
rust-num/num-bigint,lambdaclass/lambdaworks,0.006069503830091233
rust-lang/log,lambdaclass/lambdaworks,0.0022328456772018916
rust-itertools/itertools,lambdaclass/lambdaworks,0.0022328456772018916
rust-fuzz/honggfuzz-rs,lambdaclass/lambdaworks,0.0022328456772018916
rust-cli/env_logger,lambdaclass/lambdaworks,0.0008214180199511026
rreverser/serde-wasm-bindgen,lambdaclass/lambdaworks,0.007413308718737149
rayon-rs/rayon,lambdaclass/lambdaworks,0.0022328456772018916
pyfisch/cbor,lambdaclass/lambdaworks,0.0022328456772018916
proptest-rs/proptest,lambdaclass/lambdaworks,0.0012254116892506447
novifinancial/winterfell,lambdaclass/lambdaworks,0.0022328456772018916
murarth/assert_matches,lambdaclass/lambdaworks,0.0022328456772018916
maciejhirsz/json-rust,lambdaclass/lambdaworks,0.0022328456772018916
la10736/rstest,lambdaclass/lambdaworks,0.0012254116892506447
kokakiwi/rust-hex,lambdaclass/lambdaworks,0.0022328456772018916
dtolnay/thiserror,lambdaclass/lambdaworks,0.0022328456772018916
d-e-s-o/test-log,lambdaclass/lambdaworks,0.000550612964948127
coreylowman/cudarc,lambdaclass/lambdaworks,0.0022328456772018916
clap-rs/clap,lambdaclass/lambdaworks,0.0012254116892506447
burntsushi/walkdir,lambdaclass/lambdaworks,0.0022328456772018916
bincode-org/bincode,lambdaclass/lambdaworks,0.0022328456772018916
bheisler/criterion.rs,lambdaclass/lambdaworks,0.0022328456772018916
arkworks-rs/std,lambdaclass/lambdaworks,0.04484790429321857
arkworks-rs/snark,lambdaclass/lambdaworks,0.20099436249848524
arkworks-rs/r1cs-std,lambdaclass/lambdaworks,0.04484790429321857
arkworks-rs/algebra,lambdaclass/lambdaworks,0.36623560668099486
actix/actix-web,lambdaclass/lambdaworks,0.0022328456772018916
0xpolygonmiden/miden-vm,lambdaclass/lambdaworks,0.0022328456772018916
xunit/xunit,nethereum/nethereum,0.02646215416148889
xunit/visualstudio.xunit,nethereum/nethereum,0.02646215416148889
walletconnect/walletconnectsharp,nethereum/nethereum,0.07193159279905716
tabrath/cs-cid,nethereum/nethereum,0.02646215416148889
npgsql/efcore.pg,nethereum/nethereum,0.02646215416148889
novotnyllc/bc-csharp,nethereum/nethereum,0.07193159279905716
multiformats/cs-multihash,nethereum/nethereum,0.07193159279905716
multiformats/cs-multicodec,nethereum/nethereum,0.02646215416148889
mudblazor/mudblazor,nethereum/nethereum,0.02646215416148889
mrjul/estragonia,nethereum/nethereum,0.02646215416148889
moq/moq,nethereum/nethereum,0.02646215416148889
microsoft/vstest,nethereum/nethereum,0.01452273811993907
metacosa/nbitcoin,nethereum/nethereum,0.02646215416148889
melbournedeveloper/trezor.net,nethereum/nethereum,0.02646215416148889
melbournedeveloper/ledger.net,nethereum/nethereum,0.02646215416148889
melbournedeveloper/device.net,nethereum/nethereum,0.02646215416148889
jeremyskinner/fluentvalidation,nethereum/nethereum,0.02646215416148889
jamesnk/newtonsoft.json,nethereum/nethereum,0.02646215416148889
fluentassertions/fluentassertions,nethereum/nethereum,0.02646215416148889
efcore/efcore.namingconventions,nethereum/nethereum,0.02646215416148889
dotnet/runtime,nethereum/nethereum,0.02646215416148889
dotnet/reactive,nethereum/nethereum,0.02646215416148889
dotnet/efcore,nethereum/nethereum,0.02646215416148889
dotnet/benchmarkdotnet,nethereum/nethereum,0.02646215416148889
dotnet/aspnetcore,nethereum/nethereum,0.02646215416148889
coverlet-coverage/coverlet,nethereum/nethereum,0.02646215416148889
codebude/qrcoder,nethereum/nethereum,0.02646215416148889
bcgit/bc-csharp,nethereum/nethereum,0.07193159279905716
azure/azure-sdk-for-net,nethereum/nethereum,0.02646215416148889
avaloniaui/avalonia,nethereum/nethereum,0.02646215416148889
adrianiftode/moq.ilogger,nethereum/nethereum,0.009734882485121091
adraffy/ensnormalize.cs,nethereum/nethereum,0.02646215416148889
starkware-libs/starknet-api,nethermindeth/juno,0.005373085849514835
hsivonen/write16,nethermindeth/juno,0.0010848073239034005
starkware-libs/sequencer,nethermindeth/juno,0.005373085849514835
rustcrypto/traits,nethermindeth/juno,0.01614164195285983
microsoft/go-winio,nethermindeth/juno,0.0010848073239034005
soveu/tinyvec_macros,nethermindeth/juno,0.0010848073239034005
pion/ice,nethermindeth/juno,0.0010848073239034005
open-telemetry/opentelemetry-go-instrumentation,nethermindeth/juno,0.0010848073239034005
rust-lang-nursery/lazy-static.rs,nethermindeth/juno,0.0010848073239034005
cryptocorrosion/cryptocorrosion,nethermindeth/juno,0.004861769126960555
lokathor/tinyvec,nethermindeth/juno,0.0010848073239034005
raduberinde/axisds,nethermindeth/juno,0.0010848073239034005
pion/dtls,nethermindeth/juno,0.0010848073239034005
alecthomas/participle,nethermindeth/juno,0.0010848073239034005
cespare/xxhash,nethermindeth/juno,0.0029488120359458993
paritytech/parity-common,nethermindeth/juno,0.0010848073239034005
uber/mock,nethermindeth/juno,0.0003990783120962708
davecgh/go-spew,nethermindeth/juno,0.0010848073239034005
dtolnay/indoc,nethermindeth/juno,0.0010848073239034005
pelletier/go-toml,nethermindeth/juno,0.0005953548822782077
pion/webrtc,nethermindeth/juno,0.0010848073239034005
pion/mdns,nethermindeth/juno,0.0010848073239034005
uber-go/fx,nethermindeth/juno,0.0010848073239034005
datadog/zstd,nethermindeth/juno,0.0010848073239034005
go-viper/mapstructure,nethermindeth/juno,0.0010848073239034005
olekukonko/tablewriter,nethermindeth/juno,0.0010848073239034005
ipfs/go-log,nethermindeth/juno,0.0004874353511162903
xjonathanlei/starknet-rs,nethermindeth/juno,0.005373085849514835
unicode-rs/unicode-xid,nethermindeth/juno,0.0010848073239034005
ethereum/c-kzg-4844,nethermindeth/juno,0.17793216631953798
arkworks-rs/algebra,nethermindeth/juno,0.013482632686490281
starkware-libs/cairo,nethermindeth/juno,0.005373085849514835
raduberinde/btreemap,nethermindeth/juno,0.0010848073239034005
prometheus/client_golang,nethermindeth/juno,0.0010848073239034005
rs/cors,nethermindeth/juno,0.0010848073239034005
uber-go/automaxprocs,nethermindeth/juno,0.0010848073239034005
lambdaclass/cairo-vm,nethermindeth/juno,0.0010848073239034005
pkg/errors,nethermindeth/juno,0.0010848073239034005
spf13/cobra,nethermindeth/juno,0.0005953548822782077
lukechampine/blake3,nethermindeth/juno,0.0010848073239034005
uber-go/zap,nethermindeth/juno,0.0010848073239034005
stretchr/testify,nethermindeth/juno,0.0005953548822782077
matklad/once_cell,nethermindeth/juno,0.0010848073239034005
libp2p/go-yamux,nethermindeth/juno,0.014605561627486607
klauspost/cpuid,nethermindeth/juno,0.0010848073239034005
spf13/pflag,nethermindeth/juno,0.0010848073239034005
masterminds/semver,nethermindeth/juno,0.0010848073239034005
mitchellh/mapstructure,nethermindeth/juno,0.0010848073239034005
pion/transport,nethermindeth/juno,0.0010848073239034005
sourcegraph/conc,nethermindeth/juno,0.0010848073239034005
bits-and-blooms/bloom,nethermindeth/juno,0.0010848073239034005
spf13/viper,nethermindeth/juno,0.0010848073239034005
indexmap-rs/indexmap,nethermindeth/juno,0.0010848073239034005
bits-and-blooms/bitset,nethermindeth/juno,0.0010848073239034005
decred/dcrd,nethermindeth/juno,0.0010848073239034005
rust-lang/cargo,nethermindeth/juno,0.0010848073239034005
dtolnay/anyhow,nethermindeth/juno,0.0010848073239034005
coder/websocket,nethermindeth/juno,0.0010848073239034005
victoriametrics/fastcache,nethermindeth/juno,0.0010848073239034005
minio/sha256-simd,nethermindeth/juno,0.0029488120359458993
libp2p/go-libp2p-kad-dht,nethermindeth/juno,0.014605561627486607
go-playground/validator,nethermindeth/juno,0.0010848073239034005
multiformats/go-multiaddr,nethermindeth/juno,0.0010848073239034005
ethereum/go-ethereum,nethermindeth/juno,0.32421354544504094
fxamacker/cbor,nethermindeth/juno,0.0010848073239034005
libp2p/go-libp2p,nethermindeth/juno,0.014605561627486607
libp2p/go-libp2p-pubsub,nethermindeth/juno,0.014605561627486607
cockroachdb/pebble,nethermindeth/juno,0.05359213860844415
consensys/gnark-crypto,nethermindeth/juno,0.26544360022030106
crate-crypto/go-ipa,nethermindeth/juno,0.004861769126960555
xin9le/fastenum,nethermindeth/nethermind,0.010511887437800915
xabaril/aspnetcore.diagnostics.healthchecks,nethermindeth/nethermind,0.010511887437800915
tkp1n/hexmate,nethermindeth/nethermind,0.010511887437800915
testableio/system.io.abstractions,nethermindeth/nethermind,0.005769046143175764
spectresystems/spectre.console,nethermindeth/nethermind,0.010511887437800915
ricosuter/njsonschema,nethermindeth/nethermind,0.010511887437800915
protocolbuffers/protobuf,nethermindeth/nethermind,0.02857427260498114
prometheus-net/prometheus-net,nethermindeth/nethermind,0.010511887437800915
oleg-st/zstdsharp,nethermindeth/nethermind,0.02857427260498114
nunit/nunit3-vs-adapter,nethermindeth/nethermind,0.010511887437800915
nunit/nunit.analyzers,nethermindeth/nethermind,0.010511887437800915
nunit/nunit,nethermindeth/nethermind,0.010511887437800915
nsubstitute/nsubstitute,nethermindeth/nethermind,0.010511887437800915
nlog/nlog,nethermindeth/nethermind,0.010511887437800915
nethermindeth/secp256r1-bindings,nethermindeth/nethermind,0.0635932131842866
nethermindeth/secp256k1-bindings,nethermindeth/nethermind,0.0635932131842866
nethermindeth/math.gmp.native,nethermindeth/nethermind,0.010511887437800915
nethermindeth/int256,nethermindeth/nethermind,0.010511887437800915
nethermindeth/eth-pairings-bindings,nethermindeth/nethermind,0.010511887437800915
nethermindeth/dotnetty,nethermindeth/nethermind,0.010511887437800915
nethermindeth/dotnet-libp2p,nethermindeth/nethermind,0.14152929871597658
nethermindeth/bls-bindings,nethermindeth/nethermind,0.0635932131842866
multiformats/multihash,nethermindeth/nethermind,0.02857427260498114
multiformats/multibase,nethermindeth/nethermind,0.010511887437800915
microsoft/vstest,nethermindeth/nethermind,0.005769046143175764
microsoft/microsoft.io.recyclablememorystream,nethermindeth/nethermind,0.010511887437800915
michaco/dnsclient.net,nethermindeth/nethermind,0.010511887437800915
mathnet/mathnet-numerics,nethermindeth/nethermind,0.010511887437800915
marfusios/websocket-client,nethermindeth/nethermind,0.010511887437800915
joshlang/keccak256,nethermindeth/nethermind,0.042627805589245234
i3arnon/concurrenthashset,nethermindeth/nethermind,0.02857427260498114
grpc/grpc,nethermindeth/nethermind,0.02857427260498114
fluentassertions/fluentassertions.json,nethermindeth/nethermind,0.010511887437800915
fluentassertions/fluentassertions,nethermindeth/nethermind,0.010511887437800915
facebook/rocksdb,nethermindeth/nethermind,0.042627805589245234
dotnet/sourcelink,nethermindeth/nethermind,0.010511887437800915
dotnet/runtime,nethermindeth/nethermind,0.010511887437800915
dotnet/reactive,nethermindeth/nethermind,0.010511887437800915
dotnet/dotnet,nethermindeth/nethermind,0.010511887437800915
dotnet/command-line-api,nethermindeth/nethermind,0.010511887437800915
dotnet/benchmarkdotnet,nethermindeth/nethermind,0.010511887437800915
dotnet/aspnetcore,nethermindeth/nethermind,0.010511887437800915
datalust/nlog-targets-seq,nethermindeth/nethermind,0.010511887437800915
coverlet-coverage/coverlet,nethermindeth/nethermind,0.010511887437800915
communitytoolkit/dotnet,nethermindeth/nethermind,0.010511887437800915
brantburnett/snappier,nethermindeth/nethermind,0.010511887437800915
bcgit/bc-csharp,nethermindeth/nethermind,0.02857427260498114
azuread/azure-activedirectory-identitymodel-extensions-for-dotnet,nethermindeth/nethermind,0.010511887437800915
autofac/autofac.extensions.dependencyinjection,nethermindeth/nethermind,0.010511887437800915
autofac/autofac,nethermindeth/nethermind,0.010511887437800915
appmetrics/appmetrics,nethermindeth/nethermind,0.010511887437800915
app-vnext/polly,nethermindeth/nethermind,0.010511887437800915
definitelytyped/definitelytyped,nomicfoundation/hardhat,0.0020752092603076315
eslint-community/eslint-plugin-eslint-plugin,nomicfoundation/hardhat,0.00015413321730656883
eslint-community/eslint-plugin-n,nomicfoundation/hardhat,0.00015413321730656883
dcousens/ordinal,nomicfoundation/hardhat,0.0020752092603076315
immutable-js/immutable-js,nomicfoundation/hardhat,0.0020752092603076315
merklejerk/solpp,nomicfoundation/hardhat,0.008415388523595272
sindresorhus/get-port,nomicfoundation/hardhat,0.0020752092603076315
protofire/solhint,nomicfoundation/hardhat,0.0839366205624931
sindresorhus/boxen,nomicfoundation/hardhat,0.0020752092603076315
pnpm/tabtab,nomicfoundation/hardhat,0.0020752092603076315
sindresorhus/ora,nomicfoundation/hardhat,0.0020752092603076315
reacttooltip/react-tooltip,nomicfoundation/hardhat,0.0020752092603076315
lodash/lodash,nomicfoundation/hardhat,0.0020752092603076315
shelljs/shelljs,nomicfoundation/hardhat,0.0020752092603076315
nomicfoundation/hardhat,nomicfoundation/hardhat,0.3079883621211768
ethereumjs/ethereumjs-monorepo,nomicfoundation/hardhat,0.006889937383366962
ndjson/ndjson.js,nomicfoundation/hardhat,0.0020752092603076315
richardtallent/vite-plugin-singlefile,nomicfoundation/hardhat,0.0020752092603076315
vitejs/vite-plugin-react,nomicfoundation/hardhat,0.0020752092603076315
cthackers/adm-zip,nomicfoundation/hardhat,0.0020752092603076315
terkelg/prompts,nomicfoundation/hardhat,0.0020752092603076315
cgewecke/hardhat-gas-reporter,nomicfoundation/hardhat,0.0020752092603076315
bumbu/svg-pan-zoom,nomicfoundation/hardhat,0.0020752092603076315
getsentry/sentry-javascript,nomicfoundation/hardhat,0.0020752092603076315
levibuzolic/no-only-tests,nomicfoundation/hardhat,0.0011388989893869057
chalk/chalk,nomicfoundation/hardhat,0.0020752092603076315
alexeyraspopov/picocolors,nomicfoundation/hardhat,0.0006250410177112607
prettier/eslint-config-prettier,nomicfoundation/hardhat,8.459010316645415e-05
faleij/json-stream-stringify,nomicfoundation/hardhat,0.0020752092603076315
mermaid-js/mermaid,nomicfoundation/hardhat,0.0020752092603076315
isaacs/rimraf,nomicfoundation/hardhat,0.0020752092603076315
prettier-solidity/prettier-plugin-solidity,nomicfoundation/hardhat,0.0025346663142992677
sindresorhus/p-map,nomicfoundation/hardhat,0.0020752092603076315
paulmillr/chokidar,nomicfoundation/hardhat,0.0020752092603076315
lo1tuma/eslint-plugin-mocha,nomicfoundation/hardhat,8.459010316645415e-05
prettier/prettier,nomicfoundation/hardhat,0.0006250410177112607
chaijs/chai-as-promised,nomicfoundation/hardhat,0.0006250410177112607
prettier/eslint-plugin-prettier,nomicfoundation/hardhat,8.459010316645415e-05
chaijs/deep-eql,nomicfoundation/hardhat,0.0006250410177112607
import-js/eslint-import-resolver-typescript,nomicfoundation/hardhat,0.00015413321730656883
domenic/sinon-chai,nomicfoundation/hardhat,0.0006250410177112607
sindresorhus/env-paths,nomicfoundation/hardhat,0.0020752092603076315
facebook/react,nomicfoundation/hardhat,0.0020752092603076315
sc-forks/solidity-coverage,nomicfoundation/hardhat,0.008415388523595272
typestrong/ts-node,nomicfoundation/hardhat,0.0020752092603076315
ledgerhq/ledgerjs,nomicfoundation/hardhat,0.0020752092603076315
json5/json5,nomicfoundation/hardhat,0.0020752092603076315
typescript-eslint/typescript-eslint,nomicfoundation/hardhat,0.00015413321730656883
sinonjs/sinon,nomicfoundation/hardhat,0.0020752092603076315
benmosher/eslint-plugin-import,nomicfoundation/hardhat,0.00015413321730656883
changesets/changesets,nomicfoundation/hardhat,0.0020752092603076315
ethereum-ts/typechain,nomicfoundation/hardhat,0.0020752092603076315
istanbuljs/istanbuljs,nomicfoundation/hardhat,0.0020752092603076315
eslint/eslint,nomicfoundation/hardhat,0.00015413321730656883
ensdomains/ens-contracts,nomicfoundation/hardhat,0.0020752092603076315
jprichardson/node-fs-extra,nomicfoundation/hardhat,0.0020752092603076315
istanbuljs/nyc,nomicfoundation/hardhat,0.0020752092603076315
chaijs/chai,nomicfoundation/hardhat,0.0006250410177112607
npm/node-semver,nomicfoundation/hardhat,0.0020752092603076315
wevm/viem,nomicfoundation/hardhat,0.20645077307550833
nomicfoundation/solidity-analyzer,nomicfoundation/hardhat,0.008415388523595272
gcanti/io-ts,nomicfoundation/hardhat,0.0020752092603076315
mochajs/mocha,nomicfoundation/hardhat,0.0007634268229957736
nodejs/undici,nomicfoundation/hardhat,0.0020752092603076315
paulmillr/micro-eth-signer,nomicfoundation/hardhat,0.0020752092603076315
nomicfoundation/edr,nomicfoundation/hardhat,0.0020752092603076315
ethereum/solc-js,nomicfoundation/hardhat,0.018728791588427076
microsoft/typescript,nomicfoundation/hardhat,0.0020752092603076315
ethers-io/ethers.js,nomicfoundation/hardhat,0.25215954365872545
immerjs/immer,nomicfoundation/hardhat,0.0020752092603076315
golang/gddo,offchainlabs/prysm,0.000730936183182996
deckarep/golang-set,offchainlabs/prysm,0.000730936183182996
onsi/ginkgo,offchainlabs/prysm,0.000730936183182996
stretchr/testify,offchainlabs/prysm,0.00040114628257298304
uudashr/gocognit,offchainlabs/prysm,0.000730936183182996
prysmaticlabs/protoc-gen-go-cast,offchainlabs/prysm,0.000730936183182996
prometheus/common,offchainlabs/prysm,0.000730936183182996
prometheus/prom2json,offchainlabs/prysm,0.000730936183182996
prysmaticlabs/prombbolt,offchainlabs/prysm,0.000730936183182996
coreos/go-systemd,offchainlabs/prysm,0.000730936183182996
wealdtech/go-eth2-types,offchainlabs/prysm,0.000730936183182996
burntsushi/toml,offchainlabs/prysm,0.000730936183182996
pion/transport,offchainlabs/prysm,0.000730936183182996
pion/srtp,offchainlabs/prysm,0.000730936183182996
mariusvanderwijden/tx-fuzz,offchainlabs/prysm,0.000730936183182996
pborman/uuid,offchainlabs/prysm,0.00026889639460134755
rs/cors,offchainlabs/prysm,0.000730936183182996
ghodss/yaml,offchainlabs/prysm,0.000730936183182996
mariusvanderwijden/fuzzyvm,offchainlabs/prysm,0.000730936183182996
paulbellamy/ratecounter,offchainlabs/prysm,0.000730936183182996
gostaticanalysis/comment,offchainlabs/prysm,0.000730936183182996
wealdtech/go-eth2-wallet-encryptor-keystorev4,offchainlabs/prysm,0.003275828703285855
tyler-smith/go-bip39,offchainlabs/prysm,0.000730936183182996
go-playground/validator,offchainlabs/prysm,0.000730936183182996
joonix/log,offchainlabs/prysm,0.000730936183182996
prometheus/client_model,offchainlabs/prysm,0.000730936183182996
patrickmn/go-cache,offchainlabs/prysm,0.000730936183182996
urfave/cli,offchainlabs/prysm,0.000730936183182996
mohae/deepcopy,offchainlabs/prysm,0.000730936183182996
prometheus/client_golang,offchainlabs/prysm,0.000730936183182996
google/go-cmp,offchainlabs/prysm,0.000730936183182996
grpc-ecosystem/go-grpc-prometheus,offchainlabs/prysm,0.00198689054450955
trailofbits/go-mutexasserts,offchainlabs/prysm,0.000730936183182996
klauspost/cpuid,offchainlabs/prysm,0.000730936183182996
sirupsen/logrus,offchainlabs/prysm,0.000730936183182996
pkg/errors,offchainlabs/prysm,0.000730936183182996
kisielk/errcheck,offchainlabs/prysm,0.000730936183182996
wealdtech/go-eth2-util,offchainlabs/prysm,0.000730936183182996
minio/highwayhash,offchainlabs/prysm,0.00198689054450955
google/uuid,offchainlabs/prysm,0.00026889639460134755
ipfs/go-log,offchainlabs/prysm,0.0003284307980254114
golang-jwt/jwt,offchainlabs/prysm,0.000730936183182996
aristanetworks/goarista,offchainlabs/prysm,0.000730936183182996
libp2p/go-yamux,offchainlabs/prysm,0.009841133290679862
prysmaticlabs/fastssz,offchainlabs/prysm,0.0036203506154689857
holiman/uint256,offchainlabs/prysm,0.05386984590815676
spf13/afero,offchainlabs/prysm,0.000730936183182996
bazelbuild/rules_go,offchainlabs/prysm,0.000730936183182996
grpc-ecosystem/go-grpc-middleware,offchainlabs/prysm,0.00198689054450955
libp2p/go-mplex,offchainlabs/prysm,0.009841133290679862
supranational/blst,offchainlabs/prysm,0.29488070250170095
golang/protobuf,offchainlabs/prysm,0.00198689054450955
multiformats/go-multiaddr,offchainlabs/prysm,0.000730936183182996
minio/sha256-simd,offchainlabs/prysm,0.00198689054450955
golang/snappy,offchainlabs/prysm,0.000730936183182996
ethereum/go-ethereum,offchainlabs/prysm,0.2184529973406849
dgraph-io/ristretto,offchainlabs/prysm,0.000730936183182996
decred/dcrd,offchainlabs/prysm,0.000730936183182996
prysmaticlabs/gohashtree,offchainlabs/prysm,0.00198689054450955
fsnotify/fsnotify,offchainlabs/prysm,0.000730936183182996
gogo/protobuf,offchainlabs/prysm,0.00198689054450955
hashicorp/golang-lru,offchainlabs/prysm,0.00198689054450955
herumi/bls-eth-go-binary,offchainlabs/prysm,0.004421906227240688
libp2p/go-libp2p-pubsub,offchainlabs/prysm,0.009841133290679862
crate-crypto/go-kzg-4844,offchainlabs/prysm,0.024205282059066427
btcsuite/btcd,offchainlabs/prysm,0.000730936183182996
libp2p/go-libp2p-mplex,offchainlabs/prysm,0.009841133290679862
ethereum/c-kzg-4844,offchainlabs/prysm,0.11988954688018533
libp2p/go-libp2p,offchainlabs/prysm,0.009841133290679862
consensys/gnark-crypto,offchainlabs/prysm,0.17885418702488146
rustcrypto/block-ciphers,offchainlabs/stylus-sdk-rs,0.02575455194883372
rustcrypto/sponges,offchainlabs/stylus-sdk-rs,0.02575455194883372
rustcrypto/macs,offchainlabs/stylus-sdk-rs,0.02575455194883372
rustcrypto/password-hashes,offchainlabs/stylus-sdk-rs,0.07000813056261919
fereidani/branches,offchainlabs/stylus-sdk-rs,0.0017308478691038915
ferrilab/ferrilab,offchainlabs/stylus-sdk-rs,0.0017308478691038915
thomcc/rust-more-asserts,offchainlabs/stylus-sdk-rs,0.0017308478691038915
bytecodealliance/target-lexicon,offchainlabs/stylus-sdk-rs,0.005746617300894324
rustcrypto/stream-ciphers,offchainlabs/stylus-sdk-rs,0.02575455194883372
rodrimati1992/const_format_crates,offchainlabs/stylus-sdk-rs,0.0017308478691038915
rustcrypto/utils,offchainlabs/stylus-sdk-rs,0.04692785330160393
rustcrypto/formats,offchainlabs/stylus-sdk-rs,0.07000813056261919
rustcrypto/traits,offchainlabs/stylus-sdk-rs,0.02575455194883372
alacritty/vte,offchainlabs/stylus-sdk-rs,0.0017308478691038915
rust-lang/glob,offchainlabs/stylus-sdk-rs,0.0007777200800689521
rustcrypto/hashes,offchainlabs/stylus-sdk-rs,0.1044398582090099
paritytech/parity-common,offchainlabs/stylus-sdk-rs,0.0017308478691038915
rust-pretty-assertions/rust-pretty-assertions,offchainlabs/stylus-sdk-rs,0.0017308478691038915
fereidani/rclite,offchainlabs/stylus-sdk-rs,0.0017308478691038915
rustcrypto/signatures,offchainlabs/stylus-sdk-rs,0.1044398582090099
chronotope/chrono,offchainlabs/stylus-sdk-rs,0.0007777200800689521
rust-cli/anstyle,offchainlabs/stylus-sdk-rs,0.0017308478691038915
altsysrq/rusty-fork,offchainlabs/stylus-sdk-rs,0.0017308478691038915
bytecodealliance/wasm-tools,offchainlabs/stylus-sdk-rs,0.01907944134918987
assert-rs/assert_cmd,offchainlabs/stylus-sdk-rs,0.0017308478691038915
borntyping/rust-simple_logger,offchainlabs/stylus-sdk-rs,0.0006367433468387213
xtuc/wasm-gen,offchainlabs/stylus-sdk-rs,0.005746617300894324
mcarton/rust-derivative,offchainlabs/stylus-sdk-rs,0.0017308478691038915
servo/rust-url,offchainlabs/stylus-sdk-rs,0.0017308478691038915
seanmonstar/reqwest,offchainlabs/stylus-sdk-rs,0.0017308478691038915
fillzpp/sys-info-rs,offchainlabs/stylus-sdk-rs,0.0017308478691038915
dtolnay/prettyplease,offchainlabs/stylus-sdk-rs,0.0017308478691038915
foresterre/rust-toolchain-file,offchainlabs/stylus-sdk-rs,0.0005213213598746608
testcontainers/testcontainers-rs,offchainlabs/stylus-sdk-rs,0.000949909450872766
debris/rustc-hex,offchainlabs/stylus-sdk-rs,0.0017308478691038915
dtolnay/paste,offchainlabs/stylus-sdk-rs,0.0007777200800689521
wasmerio/wasmer,offchainlabs/stylus-sdk-rs,0.005746617300894324
danielhenrymantilla/rust-function_name,offchainlabs/stylus-sdk-rs,0.0017308478691038915
rust-itertools/itertools,offchainlabs/stylus-sdk-rs,0.0017308478691038915
dtolnay/trybuild,offchainlabs/stylus-sdk-rs,0.0017308478691038915
rust-lang/cfg-if,offchainlabs/stylus-sdk-rs,0.0017308478691038915
alexcrichton/brotli2-rs,offchainlabs/stylus-sdk-rs,0.0017308478691038915
creepyskeleton/proc-macro-error,offchainlabs/stylus-sdk-rs,0.000949909450872766
bytesize-rs/bytesize,offchainlabs/stylus-sdk-rs,0.0017308478691038915
rutrum/convert-case,offchainlabs/stylus-sdk-rs,0.0017308478691038915
idanarye/rust-typed-builder,offchainlabs/stylus-sdk-rs,0.0017308478691038915
alexcrichton/rustc-demangle,offchainlabs/stylus-sdk-rs,0.0017308478691038915
rust-lang/log,offchainlabs/stylus-sdk-rs,0.0017308478691038915
kokakiwi/rust-hex,offchainlabs/stylus-sdk-rs,0.0017308478691038915
rust-lang/regex,offchainlabs/stylus-sdk-rs,0.0017308478691038915
toml-rs/toml,offchainlabs/stylus-sdk-rs,0.0017308478691038915
serde-rs/json,offchainlabs/stylus-sdk-rs,0.0017308478691038915
dtolnay/thiserror,offchainlabs/stylus-sdk-rs,0.0017308478691038915
rust-lang-nursery/lazy-static.rs,offchainlabs/stylus-sdk-rs,0.0017308478691038915
eyre-rs/eyre,offchainlabs/stylus-sdk-rs,0.0017308478691038915
serde-rs/serde,offchainlabs/stylus-sdk-rs,0.0017308478691038915
oli-obk/cargo_metadata,offchainlabs/stylus-sdk-rs,0.0017308478691038915
tokio-rs/tokio,offchainlabs/stylus-sdk-rs,0.07000813056261919
nagisa/rust_libloading,offchainlabs/stylus-sdk-rs,0.0017308478691038915
johnscience/rustc-host,offchainlabs/stylus-sdk-rs,0.0017308478691038915
clap-rs/clap,offchainlabs/stylus-sdk-rs,0.000949909450872766
dtolnay/anyhow,offchainlabs/stylus-sdk-rs,0.0017308478691038915
dtolnay/dyn-clone,offchainlabs/stylus-sdk-rs,0.0017308478691038915
crate-ci/escargot,offchainlabs/stylus-sdk-rs,0.0017308478691038915
dtolnay/quote,offchainlabs/stylus-sdk-rs,0.0017308478691038915
dtolnay/proc-macro2,offchainlabs/stylus-sdk-rs,0.000949909450872766
alloy-rs/alloy,offchainlabs/stylus-sdk-rs,0.28389696873639086
amanieu/parking_lot,offchainlabs/stylus-sdk-rs,0.0017308478691038915
rust-lang/cargo,offchainlabs/stylus-sdk-rs,0.0017308478691038915
dtolnay/syn,offchainlabs/stylus-sdk-rs,0.0017308478691038915
yargs/yargs,openzeppelin/openzeppelin-contracts,0.0028887331100130825
typicode/husky,openzeppelin/openzeppelin-contracts,0.0028887331100130825
sindresorhus/p-limit,openzeppelin/openzeppelin-contracts,0.0028887331100130825
sindresorhus/globals,openzeppelin/openzeppelin-contracts,0.0012979914559332988
sc-forks/solidity-coverage,openzeppelin/openzeppelin-contracts,0.011714390411948172
protofire/solhint,openzeppelin/openzeppelin-contracts,0.11684146731570322
prettier/prettier,openzeppelin/openzeppelin-contracts,0.0008700696924950749
prettier/eslint-config-prettier,openzeppelin/openzeppelin-contracts,0.0001177511282694135
prettier-solidity/prettier-plugin-solidity,openzeppelin/openzeppelin-contracts,0.0035283065881585854
openzeppelin/solidity-docgen,openzeppelin/openzeppelin-contracts,0.011714390411948172
openzeppelin/solidity-ast,openzeppelin/openzeppelin-contracts,0.011714390411948172
openzeppelin/openzeppelin-upgrades,openzeppelin/openzeppelin-contracts,0.0028887331100130825
openzeppelin/openzeppelin-sdk,openzeppelin/openzeppelin-contracts,0.0028887331100130825
openzeppelin/merkle-tree,openzeppelin/openzeppelin-contracts,0.011714390411948172
okonet/lint-staged,openzeppelin/openzeppelin-contracts,0.0008700696924950749
npm/node-semver,openzeppelin/openzeppelin-contracts,0.0028887331100130825
nomicfoundation/hardhat,openzeppelin/openzeppelin-contracts,0.4287260066612526
nodejs/undici,openzeppelin/openzeppelin-contracts,0.0028887331100130825
micromatch/micromatch,openzeppelin/openzeppelin-contracts,0.0028887331100130825
lodash/lodash,openzeppelin/openzeppelin-contracts,0.0028887331100130825
isaacs/rimraf,openzeppelin/openzeppelin-contracts,0.0028887331100130825
isaacs/node-glob,openzeppelin/openzeppelin-contracts,0.0012979914559332988
isaacs/minimatch,openzeppelin/openzeppelin-contracts,0.0010627055222050556
frangio/hardhat-exposed,openzeppelin/openzeppelin-contracts,0.0028887331100130825
ethers-io/ethers.js,openzeppelin/openzeppelin-contracts,0.3510111662978835
eslint/rewrite,openzeppelin/openzeppelin-contracts,0.0002145565445868927
eslint/eslint,openzeppelin/openzeppelin-contracts,0.0002145565445868927
dagrejs/graphlib,openzeppelin/openzeppelin-contracts,0.0028887331100130825
changesets/changesets,openzeppelin/openzeppelin-contracts,0.0028887331100130825
chaijs/chai,openzeppelin/openzeppelin-contracts,0.0008700696924950749
cgewecke/hardhat-gas-reporter,openzeppelin/openzeppelin-contracts,0.0028887331100130825
certora/certoracli,openzeppelin/openzeppelin-contracts,0.0028887331100130825
a16z/halmos,openzeppelin/openzeppelin-contracts,0.0028887331100130825
dominictarr/through,otterscan/otterscan,0.003671710740634283
kevva/executable,otterscan/otterscan,0.003671710740634283
shtylman/node-process,otterscan/otterscan,0.003671710740634283
npm/node-which,otterscan/otterscan,0.003671710740634283
motiondivision/motion,otterscan/otterscan,0.003671710740634283
staylor/react-helmet-async,otterscan/otterscan,0.003671710740634283
gruntjs/node-exit-x,otterscan/otterscan,0.003671710740634283
coolaj86/node-browser-compat,otterscan/otterscan,0.003671710740634283
daaku/nodejs-walker,otterscan/otterscan,0.003671710740634283
websockets/ws,otterscan/otterscan,0.003671710740634283
vitejs/vite-plugin-react,otterscan/otterscan,0.003671710740634283
qix-/color,otterscan/otterscan,0.0011058980228949105
raszi/node-tmp,otterscan/otterscan,0.003671710740634283
mde/ejs,otterscan/otterscan,0.003671710740634283
inexorabletash/text-encoding,otterscan/otterscan,0.003671710740634283
simonhaenisch/prettier-plugin-organize-imports,otterscan/otterscan,0.0011058980228949105
slevithan/regex,otterscan/otterscan,0.003671710740634283
arekinath/node-getpass,otterscan/otterscan,0.003671710740634283
bruce/node-temp,otterscan/otterscan,0.003671710740634283
kpdecker/jsdiff,otterscan/otterscan,0.003671710740634283
dmnd/dedent,otterscan/otterscan,0.003671710740634283
indigounited/node-request-progress,otterscan/otterscan,0.003671710740634283
daaku/nodejs-tmpl,otterscan/otterscan,0.003671710740634283
fortawesome/font-awesome,otterscan/otterscan,0.003671710740634283
argotorg/sourcify,otterscan/otterscan,0.18139150299441373
definitelytyped/definitelytyped,otterscan/otterscan,0.003671710740634283
arthurtyukayev/use-keyboard-shortcut,otterscan/otterscan,0.003671710740634283
zertosh/invariant,otterscan/otterscan,0.003671710740634283
zxing-js/browser,otterscan/otterscan,0.003671710740634283
thejoshwolfe/yauzl,otterscan/otterscan,0.003671710740634283
zxing-js/library,otterscan/otterscan,0.003671710740634283
thebuilder/react-intersection-observer,otterscan/otterscan,0.003671710740634283
alexreardon/tiny-invariant,otterscan/otterscan,0.003671710740634283
stephensprinkle/react-blockies,otterscan/otterscan,0.003671710740634283
anncwb/vite-plugin-compression,otterscan/otterscan,0.003671710740634283
tailwindlabs/prettier-plugin-tailwindcss,otterscan/otterscan,0.0011058980228949105
mbrevda/react-image,otterscan/otterscan,0.003671710740634283
kulshekhar/ts-jest,otterscan/otterscan,0.0013507468954077227
storybookjs/storybook,otterscan/otterscan,0.003671710740634283
danvk/source-map-explorer,otterscan/otterscan,0.003671710740634283
fortawesome/react-fontawesome,otterscan/otterscan,0.003671710740634283
typestrong/ts-node,otterscan/otterscan,0.003671710740634283
kriszyp/cbor-extract,otterscan/otterscan,0.003671710740634283
fontsource/font-files,otterscan/otterscan,0.003671710740634283
testing-library/jest-dom,otterscan/otterscan,0.0007413056136176391
shikijs/shiki,otterscan/otterscan,0.003671710740634283
danilowoz/react-content-loader,otterscan/otterscan,0.003671710740634283
chartjs/chart.js,otterscan/otterscan,0.003671710740634283
bvaughn/react-error-boundary,otterscan/otterscan,0.003671710740634283
cypress-io/cypress,otterscan/otterscan,0.003671710740634283
googlechrome/web-vitals,otterscan/otterscan,0.003671710740634283
chaijs/chai,otterscan/otterscan,0.0011058980228949105
testing-library/react-testing-library,otterscan/otterscan,0.0020150775788315106
unrs/unrs-resolver,otterscan/otterscan,0.003671710740634283
tailwindlabs/headlessui,otterscan/otterscan,0.003671710740634283
reactchartjs/react-chartjs-2,otterscan/otterscan,0.003671710740634283
prettier/prettier,otterscan/otterscan,0.0011058980228949105
vercel/swr,otterscan/otterscan,0.003671710740634283
jestjs/jest,otterscan/otterscan,0.0013507468954077227
vitejs/vite,otterscan/otterscan,0.003671710740634283
remix-run/react-router,otterscan/otterscan,0.003671710740634283
shazow/whatsabi,otterscan/otterscan,0.14851080184856333
tailwindlabs/tailwindcss,otterscan/otterscan,0.003671710740634283
eoindavey/tspeg,otterscan/otterscan,0.003671710740634283
gnidan/web-solc,otterscan/otterscan,0.003671710740634283
rollup/rollup,otterscan/otterscan,0.003671710740634283
ethers-io/ethers.js,otterscan/otterscan,0.4461511051024954
evanw/esbuild,otterscan/otterscan,0.003671710740634283
microsoft/typescript,otterscan/otterscan,0.003671710740634283
facebook/react,otterscan/otterscan,0.003671710740634283
rumovz/android-tzdata,paradigmxyz/reth,0.0013329793020992688
cesarb/constant_time_eq,paradigmxyz/reth,0.0013329793020992688
tkaitchuck/ahash,paradigmxyz/reth,0.0036234134146084624
marshallpierce/rust-base64,paradigmxyz/reth,0.0036234134146084624
rodrimati1992/const_format_crates,paradigmxyz/reth,0.0013329793020992688
rutrum/convert-case,paradigmxyz/reth,0.0013329793020992688
rustcrypto/kdfs,paradigmxyz/reth,0.019834374410045343
marwes/combine,paradigmxyz/reth,0.0013329793020992688
rustcrypto/traits,paradigmxyz/reth,0.019834374410045343
rustcrypto/block-ciphers,paradigmxyz/reth,0.019834374410045343
sdroege/bytes-num-slice-cast,paradigmxyz/reth,0.0013329793020992688
utkarshkukreti/diff.rs,paradigmxyz/reth,0.0013329793020992688
rustcrypto/formats,paradigmxyz/reth,0.05391541953767935
mrhooray/crc-rs,paradigmxyz/reth,0.0013329793020992688
rustcrypto/utils,paradigmxyz/reth,0.036140586506528016
billyrieger/bimap-rs,paradigmxyz/reth,0.0013329793020992688
rustcrypto/aeads,paradigmxyz/reth,0.019834374410045343
summa-tx/bitcoins-rs,paradigmxyz/reth,0.0013329793020992688
burntsushi/rust-csv,paradigmxyz/reth,0.0013329793020992688
tokio-rs/async-stream,paradigmxyz/reth,0.0013329793020992688
mersinvald/aquamarine,paradigmxyz/reth,0.0013329793020992688
blake3-team/blake3,paradigmxyz/reth,0.0013329793020992688
rust-lang/cc-rs,paradigmxyz/reth,0.0013329793020992688
ia0/data-encoding,paradigmxyz/reth,0.0013329793020992688
nukesor/comfy-table,paradigmxyz/reth,0.00040148565039106634
eminence/procfs,paradigmxyz/reth,0.0013329793020992688
magiclen/boyer-moore-magiclen,paradigmxyz/reth,0.0013329793020992688
rust-lang/backtrace-rs,paradigmxyz/reth,0.0005989462090019615
murarth/assert_matches,paradigmxyz/reth,0.0013329793020992688
codspeedhq/codspeed-rust,paradigmxyz/reth,0.0013329793020992688
crossterm-rs/crossterm,paradigmxyz/reth,0.0013329793020992688
xdg-rs/dirs,paradigmxyz/reth,0.0013329793020992688
xuanwo/backon,paradigmxyz/reth,0.0013329793020992688
nullus157/async-compression,paradigmxyz/reth,0.0013329793020992688
bluss/arrayvec,paradigmxyz/reth,0.0013329793020992688
rust-lang/rust-bindgen,paradigmxyz/reth,0.0013329793020992688
soc/dirs-rs,paradigmxyz/reth,0.0013329793020992688
rust-fuzz/arbitrary,paradigmxyz/reth,0.0013329793020992688
clap-rs/clap,paradigmxyz/reth,0.0007315545516645732
alexcrichton/cfg-if,paradigmxyz/reth,0.0013329793020992688
dropbox/rust-brotli,paradigmxyz/reth,0.0013329793020992688
jeltef/derive_more,paradigmxyz/reth,0.0005989462090019615
dtolnay/anyhow,paradigmxyz/reth,0.0013329793020992688
bheisler/criterion.rs,paradigmxyz/reth,0.0013329793020992688
xacrimon/dashmap,paradigmxyz/reth,0.0013329793020992688
rust-lang/libc,paradigmxyz/reth,0.0013329793020992688
tokio-rs/bytes,paradigmxyz/reth,0.036140586506528016
auto-impl-rs/auto_impl,paradigmxyz/reth,0.0013329793020992688
bincode-org/bincode,paradigmxyz/reth,0.0013329793020992688
dtolnay/async-trait,paradigmxyz/reth,0.0013329793020992688
chronotope/chrono,paradigmxyz/reth,0.0005989462090019615
alloy-rs/eips,paradigmxyz/reth,0.09824029957054727
bitflags/bitflags,paradigmxyz/reth,0.0013329793020992688
alloy-rs/chains,paradigmxyz/reth,0.036140586506528016
sigp/discv5,paradigmxyz/reth,0.017946884129543927
alloy-rs/alloy,paradigmxyz/reth,0.2186378075216139
alloy-rs/hardforks,paradigmxyz/reth,0.05391541953767935
burntsushi/byteorder,paradigmxyz/reth,0.0013329793020992688
alloy-rs/rlp,paradigmxyz/reth,0.08043235445000069
alloy-rs/trie,paradigmxyz/reth,0.08043235445000069
alloy-rs/alloy-evm,paradigmxyz/reth,0.14655730520301943
toml-rs/toml,powdr-labs/powdr,0.0020810915196803766
tokio-rs/tracing,powdr-labs/powdr,0.0020810915196803766
tczajka/ibig-rs,powdr-labs/powdr,0.0020810915196803766
taiki-e/auto_enums,powdr-labs/powdr,0.0020810915196803766
stebalien/tempfile,powdr-labs/powdr,0.0020810915196803766
serde-rs/serde,powdr-labs/powdr,0.0020810915196803766
serde-rs/json,powdr-labs/powdr,0.0020810915196803766
rustcrypto/utils,powdr-labs/powdr,0.05642388293393725
rustcrypto/traits,powdr-labs/powdr,0.030966083507751926
rustcrypto/signatures,powdr-labs/powdr,0.12557366081394497
rustcrypto/hashes,powdr-labs/powdr,0.12557366081394497
rustcrypto/elliptic-curves,powdr-labs/powdr,0.15337601567042206
rustcrypto/crypto-bigint,powdr-labs/powdr,0.08417454209766739
rust-random/rand,powdr-labs/powdr,0.000513190850437805
rust-pretty-assertions/rust-pretty-assertions,powdr-labs/powdr,0.0020810915196803766
rust-num/num-traits,powdr-labs/powdr,0.0020810915196803766
rust-num/num-bigint,powdr-labs/powdr,0.005656993261307388
rust-lang/rustc-demangle,powdr-labs/powdr,0.0020810915196803766
rust-lang/log,powdr-labs/powdr,0.0020810915196803766
rust-lang/flate2-rs,powdr-labs/powdr,0.0020810915196803766
rust-lang/cfg-if,powdr-labs/powdr,0.0020810915196803766
rust-itertools/itertools,powdr-labs/powdr,0.0020810915196803766
rust-cli/env_logger,powdr-labs/powdr,0.0007655907852866447
rust-analyzer/expect-test,powdr-labs/powdr,0.0011421272417771913
recmo/uint,powdr-labs/powdr,0.0020810915196803766
rayon-rs/rayon,powdr-labs/powdr,0.0020810915196803766
qnnokabayashi/tracing-forest,powdr-labs/powdr,0.0020810915196803766
pytest-dev/pytest,powdr-labs/powdr,0.0011421272417771913
pyfisch/cbor,powdr-labs/powdr,0.0020810915196803766
peternator7/strum,powdr-labs/powdr,0.0020810915196803766
pandas-dev/pandas,powdr-labs/powdr,0.0020810915196803766
metrics-rs/metrics,powdr-labs/powdr,0.0020810915196803766
matplotlib/matplotlib,powdr-labs/powdr,0.0020810915196803766
m4b/goblin,powdr-labs/powdr,0.0020810915196803766
kokakiwi/rust-hex,powdr-labs/powdr,0.0020810915196803766
jonasbb/serde_with,powdr-labs/powdr,0.0020810915196803766
jeltef/derive_more,powdr-labs/powdr,0.0009350946967711184
gresau/schemars,powdr-labs/powdr,0.0020810915196803766
gregac/rrs,powdr-labs/powdr,0.0020810915196803766
gimli-rs/gimli,powdr-labs/powdr,0.0020810915196803766
eyre-rs/eyre,powdr-labs/powdr,0.0020810915196803766
dtolnay/thiserror,powdr-labs/powdr,0.0020810915196803766
d-e-s-o/test-log,powdr-labs/powdr,0.000513190850437805
clap-rs/clap,powdr-labs/powdr,0.0011421272417771913
burntsushi/rust-csv,powdr-labs/powdr,0.0020810915196803766
bitvecto-rs/bitvec,powdr-labs/powdr,0.0020810915196803766
bheisler/criterion.rs,powdr-labs/powdr,0.0020810915196803766
arkworks-rs/algebra,powdr-labs/powdr,0.3413446003236263
alignof/raki,powdr-labs/powdr,0.0020810915196803766
coolaj86/nodejs-libs-4-browser,protofire/solhint,0.02636081919824382
browserify/commonjs-assert,protofire/solhint,0.02636081919824382
blakeembrey/pluralize,protofire/solhint,0.02636081919824382
novemberborn/package-hash,protofire/solhint,0.07165613580988052
wooorm/markdown-table,protofire/solhint,0.02636081919824382
jhchen/fast-diff,protofire/solhint,0.02636081919824382
sindresorhus/get-stream,protofire/solhint,0.02636081919824382
substack/text-table,protofire/solhint,0.02636081919824382
chalk/strip-ansi,protofire/solhint,0.002391399564696932
airbnb/javascript,protofire/solhint,0.02636081919824382
stevenlooman/mocha-lcov-reporter,protofire/solhint,0.009697603435471366
isaacs/rimraf,protofire/solhint,0.02636081919824382
prettier/prettier,protofire/solhint,0.007939726163775094
sindresorhus/latest-version,protofire/solhint,0.014467124312967015
gajus/table,protofire/solhint,0.02636081919824382
benmosher/eslint-plugin-import,protofire/solhint,0.0019579123665146767
forbeslindesay/spawn-sync,protofire/solhint,0.02636081919824382
nodeca/js-yaml,protofire/solhint,0.011844679583628268
atlassian/better-ajv-errors,protofire/solhint,0.02636081919824382
epoberezkin/ajv-errors,protofire/solhint,0.10689839313871684
chalk/chalk,protofire/solhint,0.02636081919824382
shelljs/shelljs,protofire/solhint,0.02636081919824382
prettier/eslint-config-prettier,protofire/solhint,0.001074525089195647
isaacs/node-glob,protofire/solhint,0.011844679583628268
kaelzhang/node-ignore,protofire/solhint,0.02636081919824382
lodash/lodash,protofire/solhint,0.02636081919824382
chaijs/chai,protofire/solhint,0.007939726163775094
mochajs/mocha,protofire/solhint,0.009697603435471366
tj/commander.js,protofire/solhint,0.02636081919824382
istanbuljs/nyc,protofire/solhint,0.02636081919824382
prettier/eslint-plugin-prettier,protofire/solhint,0.001074525089195647
sinonjs/sinon,protofire/solhint,0.02636081919824382
antlr/antlr4,protofire/solhint,0.02636081919824382
eslint/eslint,protofire/solhint,0.0019579123665146767
npm/node-semver,protofire/solhint,0.02636081919824382
cosmiconfig/cosmiconfig,protofire/solhint,0.02636081919824382
ajv-validator/ajv,protofire/solhint,0.02636081919824382
solidity-parser/parser,protofire/solhint,0.10689839313871684
hughsk/ast-parents,protofire/solhint,0.02636081919824382
protofire/solhint,remix-project-org/remix-project,0.07014987722835685
tj/commander.js,remix-project-org/remix-project,0.0017343523465463385
ethworks/waffle,remix-project-org/remix-project,0.0017343523465463385
npm/node-semver,remix-project-org/remix-project,0.0017343523465463385
react-bootstrap/react-bootstrap,remix-project-org/remix-project,0.0017343523465463385
benmosher/eslint-plugin-import,remix-project-org/remix-project,0.000128816554662423
jryans/timers-browserify,remix-project-org/remix-project,0.0017343523465463385
lerna/lerna,remix-project-org/remix-project,0.0017343523465463385
jedwatson/react-select,remix-project-org/remix-project,0.0017343523465463385
inspect-js/node-deep-equal,remix-project-org/remix-project,0.0017343523465463385
metamask/eth-sig-util,remix-project-org/remix-project,0.0017343523465463385
expressjs/express,remix-project-org/remix-project,0.0017343523465463385
expressjs/body-parser,remix-project-org/remix-project,0.0017343523465463385
indutny/bn.js,remix-project-org/remix-project,0.0017343523465463385
octokit/octokit.js,remix-project-org/remix-project,0.0017343523465463385
borisirota/webworkify-webpack,remix-project-org/remix-project,0.0017343523465463385
redux-saga/redux-saga,remix-project-org/remix-project,0.0017343523465463385
babel/babel-eslint,remix-project-org/remix-project,0.000128816554662423
webpack-contrib/node-loader,remix-project-org/remix-project,0.0017343523465463385
nightwatchjs/nightwatch,remix-project-org/remix-project,0.0017343523465463385
g-rath/babel-plugin-replace-ts-export-assignment,remix-project-org/remix-project,0.0017343523465463385
eslint/eslint,remix-project-org/remix-project,0.000128816554662423
devongovett/browserify-zlib,remix-project-org/remix-project,0.0017343523465463385
openzeppelin/contracts-wizard,remix-project-org/remix-project,0.0017343523465463385
feross/eslint-config-standard,remix-project-org/remix-project,0.000128816554662423
electron-userland/electron-builder,remix-project-org/remix-project,0.0017343523465463385
babel/babelify,remix-project-org/remix-project,0.0017343523465463385
suren-atoyan/monaco-react,remix-project-org/remix-project,0.0017343523465463385
bvaughn/react-virtualized,remix-project-org/remix-project,0.0017343523465463385
reduxjs/redux-toolkit,remix-project-org/remix-project,0.0017343523465463385
jhiesey/stream-http,remix-project-org/remix-project,0.0017343523465463385
cure53/dompurify,remix-project-org/remix-project,0.0017343523465463385
browserify/stream-browserify,remix-project-org/remix-project,0.0017343523465463385
reown-com/appkit,remix-project-org/remix-project,0.0017343523465463385
evanw/esbuild,remix-project-org/remix-project,0.0017343523465463385
floating-ui/floating-ui,remix-project-org/remix-project,0.0017343523465463385
openzeppelin/openzeppelin-upgrades,remix-project-org/remix-project,0.0017343523465463385
paulmillr/chokidar,remix-project-org/remix-project,0.0017343523465463385
eslint/js,remix-project-org/remix-project,0.000128816554662423
typestrong/ts-loader,remix-project-org/remix-project,0.0017343523465463385
microsoft/vscode-ripgrep,remix-project-org/remix-project,0.0005223768881961028
gulpjs/gulp,remix-project-org/remix-project,0.0017343523465463385
ethereumjs/ethereumjs-monorepo,remix-project-org/remix-project,0.005758252575756341
zloirock/core-js,remix-project-org/remix-project,0.0017343523465463385
nrwl/nx,remix-project-org/remix-project,0.0017343523465463385
graphql/graphql-js,remix-project-org/remix-project,0.0017343523465463385
isomorphic-git/isomorphic-git,remix-project-org/remix-project,0.0017343523465463385
trufflesuite/ganache,remix-project-org/remix-project,0.0017343523465463385
mochajs/mocha,remix-project-org/remix-project,0.0006380325720418467
xtermjs/xterm.js,remix-project-org/remix-project,0.0017343523465463385
openzeppelin/openzeppelin-contracts-upgradeable,remix-project-org/remix-project,0.0017343523465463385
thlorenz/brace,remix-project-org/remix-project,0.0017343523465463385
microsoft/monaco-editor,remix-project-org/remix-project,0.0017343523465463385
pimlicolabs/permissionless.js,remix-project-org/remix-project,0.0017343523465463385
isomorphic-git/lightning-fs,remix-project-org/remix-project,0.0017343523465463385
feross/buffer,remix-project-org/remix-project,0.0017343523465463385
ethers-io/ethers.js,remix-project-org/remix-project,0.21074187775344336
microsoft/node-pty,remix-project-org/remix-project,0.0017343523465463385
nomicfoundation/hardhat,remix-project-org/remix-project,0.2574007107479088
chainsafe/web3.js,remix-project-org/remix-project,0.0005223768881961028
jprichardson/node-fs-extra,remix-project-org/remix-project,0.0017343523465463385
openzeppelin/openzeppelin-contracts,remix-project-org/remix-project,0.15612142290042988
webpack/webpack,remix-project-org/remix-project,0.0017343523465463385
facebook/react,remix-project-org/remix-project,0.0017343523465463385
ethereum/remix-project,remix-project-org/remix-project,0.015652553340355955
electron/electron,remix-project-org/remix-project,0.0017343523465463385
babel/babel,remix-project-org/remix-project,0.0017343523465463385
wevm/viem,remix-project-org/remix-project,0.17254085627814447
microsoft/typescript,remix-project-org/remix-project,0.0017343523465463385
ethereum/remix-plugin,remix-project-org/remix-project,0.015652553340355955
dtolnay/dyn-clone,risc0/risc0-ethereum,0.0009732273485946533
microsoft/windows-rs,risc0/risc0-ethereum,0.0009732273485946533
burntsushi/ucd-generate,risc0/risc0-ethereum,0.0009732273485946533
rustcrypto/formats,risc0/risc0-ethereum,0.03936442278014935
sdroege/bytes-num-slice-cast,risc0/risc0-ethereum,0.0009732273485946533
taiki-e/pin-project-lite,risc0/risc0-ethereum,0.0009732273485946533
sunfishcode/linux-raw-sys,risc0/risc0-ethereum,0.0009732273485946533
paholg/typenum,risc0/risc0-ethereum,0.0009732273485946533
paritytech/bn,risc0/risc0-ethereum,0.0009732273485946533
rust-threadpool/rust-threadpool,risc0/risc0-ethereum,0.0009732273485946533
nvzqz/static-assertions-rs,risc0/risc0-ethereum,0.0009732273485946533
fizyk20/generic-array,risc0/risc0-ethereum,0.0009732273485946533
dtolnay/itoa,risc0/risc0-ethereum,0.0009732273485946533
lambda-fairy/rust-errno,risc0/risc0-ethereum,0.0009732273485946533
alexcrichton/wait-timeout,risc0/risc0-ethereum,0.000534118493473683
rust-random/getrandom,risc0/risc0-ethereum,0.00023999490938838105
dalek-cryptography/subtle,risc0/risc0-ethereum,0.004361702371150751
debris/rustc-hex,risc0/risc0-ethereum,0.0009732273485946533
myrrlyn/tap,risc0/risc0-ethereum,0.0009732273485946533
dtolnay/ryu,risc0/risc0-ethereum,0.0009732273485946533
altsysrq/rusty-fork,risc0/risc0-ethereum,0.0009732273485946533
kokakiwi/rust-hex,risc0/risc0-ethereum,0.0009732273485946533
recmo/uint,risc0/risc0-ethereum,0.0009732273485946533
dtolnay/semver,risc0/risc0-ethereum,0.0009732273485946533
ferrilab/ferrilab,risc0/risc0-ethereum,0.0009732273485946533
eira-fransham/crunchy,risc0/risc0-ethereum,0.0026455062166442227
arkworks-rs/std,risc0/risc0-ethereum,0.019547793844853945
paritytech/parity-common,risc0/risc0-ethereum,0.0009732273485946533
cuviper/autocfg,risc0/risc0-ethereum,0.0009732273485946533
auto-impl-rs/auto_impl,risc0/risc0-ethereum,0.0009732273485946533
contain-rs/bit-vec,risc0/risc0-ethereum,0.0009732273485946533
bitflags/bitflags,risc0/risc0-ethereum,0.0009732273485946533
bytecodealliance/rustix,risc0/risc0-ethereum,0.0032312285897391304
rust-num/num,risc0/risc0-ethereum,0.0009732273485946533
hermit-os/hermit-rs,risc0/risc0-ethereum,0.0009732273485946533
arkworks-rs/algebra,risc0/risc0-ethereum,0.1596306059529213
rust-lang/hashbrown,risc0/risc0-ethereum,0.0026455062166442227
burntsushi/byteorder,risc0/risc0-ethereum,0.0009732273485946533
rust-lang/libm,risc0/risc0-ethereum,0.0009732273485946533
aurora-is-near/aurora-engine,risc0/risc0-ethereum,0.0009732273485946533
rust-pretty-assertions/rust-pretty-assertions,risc0/risc0-ethereum,0.0009732273485946533
google/zerocopy,risc0/risc0-ethereum,0.0009732273485946533
dtolnay/quote,risc0/risc0-ethereum,0.0009732273485946533
dtolnay/proc-macro2,risc0/risc0-ethereum,0.000534118493473683
rustcrypto/crypto-bigint,risc0/risc0-ethereum,0.03936442278014935
proptest-rs/proptest,risc0/risc0-ethereum,0.000534118493473683
rust-num/num-traits,risc0/risc0-ethereum,0.0009732273485946533
zkcrypto/group,risc0/risc0-ethereum,0.01768757531087687
rust-lang/cc-rs,risc0/risc0-ethereum,0.0009732273485946533
rust-lang/regex,risc0/risc0-ethereum,0.0009732273485946533
rustcrypto/hashes,risc0/risc0-ethereum,0.05872481811181941
tokio-rs/tracing,risc0/risc0-ethereum,0.0009732273485946533
bytecodealliance/wasi-rs,risc0/risc0-ethereum,0.0032312285897391304
arkworks-rs/crypto-primitives,risc0/risc0-ethereum,0.08760713402370363
rust-lang/cfg-if,risc0/risc0-ethereum,0.0009732273485946533
rust-itertools/itertools,risc0/risc0-ethereum,0.0009732273485946533
serde-rs/json,risc0/risc0-ethereum,0.0009732273485946533
dtolnay/syn,risc0/risc0-ethereum,0.0009732273485946533
supranational/blst,risc0/risc0-ethereum,0.39262793503767457
arkworks-rs/snark,risc0/risc0-ethereum,0.08760713402370363
rust-random/rand,risc0/risc0-ethereum,0.00023999490938838105
rust-lang/libc,risc0/risc0-ethereum,0.0009732273485946533
dtolnay/thiserror,risc0/risc0-ethereum,0.0009732273485946533
clap-rs/clap,risc0/risc0-ethereum,0.000534118493473683
lokathor/bytemuck,risc0/risc0-ethereum,0.0009732273485946533
serde-rs/serde,risc0/risc0-ethereum,0.0009732273485946533
bluss/arrayvec,risc0/risc0-ethereum,0.0009732273485946533
dtolnay/anyhow,risc0/risc0-ethereum,0.0009732273485946533
arkworks-rs/groth16,risc0/risc0-ethereum,0.019547793844853945
alloy-rs/rlp,risc0/risc0-ethereum,0.012843815780161626
zksync-sdk/zksync-ethers,safe-global/safe-smart-account,0.03772191477523485
yargs/yargs,safe-global/safe-smart-account,0.0028017415874528437
wighawag/hardhat-deploy,safe-global/safe-smart-account,0.11332289472596355
typicode/husky,safe-global/safe-smart-account,0.0028017415874528437
typestrong/ts-node,safe-global/safe-smart-account,0.0028017415874528437
typescript-eslint/typescript-eslint,safe-global/safe-smart-account,0.00020809537293203076
safe-global/safe-singleton-factory,safe-global/safe-smart-account,0.0012589036452143264
protofire/solhint,safe-global/safe-smart-account,0.11332289472596355
prettier/prettier,safe-global/safe-smart-account,0.0008438683494145011
prettier/eslint-plugin-prettier,safe-global/safe-smart-account,0.00011420516208242438
prettier/eslint-config-prettier,safe-global/safe-smart-account,0.00011420516208242438
prettier-solidity/prettier-plugin-solidity,safe-global/safe-smart-account,0.003422054902566957
openzeppelin/openzeppelin-contracts,safe-global/safe-smart-account,0.25220474034787504
nomicfoundation/hardhat,safe-global/safe-smart-account,0.4158153199829444
motdotla/dotenv,safe-global/safe-smart-account,0.0028017415874528437
microsoft/typescript,safe-global/safe-smart-account,0.0028017415874528437
matter-labs/hardhat-zksync,safe-global/safe-smart-account,0.01136162239254612
levibuzolic/no-only-tests,safe-global/safe-smart-account,0.0015376283845226699
isaacs/rimraf,safe-global/safe-smart-account,0.0028017415874528437
ethereum/solc-js,safe-global/safe-smart-account,0.025285755648687902
eslint/eslint,safe-global/safe-smart-account,0.00020809537293203076
definitelytyped/definitelytyped,safe-global/safe-smart-account,0.0028017415874528437
debug-js/debug,safe-global/safe-smart-account,0.0008438683494145011
certora/certoracli,safe-global/safe-smart-account,0.0028017415874528437
zpao/qrcode.react,scaffold-eth/scaffold-eth-2,0.0017889681048085314
wighawag/hardhat-plugin-template,scaffold-eth/scaffold-eth-2,0.0017889681048085314
wighawag/hardhat-deploy,scaffold-eth/scaffold-eth-2,0.07235893742564363
wevm/wagmi,scaffold-eth/scaffold-eth-2,0.008860817029325332
wevm/viem,scaffold-eth/scaffold-eth-2,0.177974267612124
wevm/abitype,scaffold-eth/scaffold-eth-2,0.029418948568335223
vercel/vercel,scaffold-eth/scaffold-eth-2,0.0017889681048085314
vercel/next.js,scaffold-eth/scaffold-eth-2,0.0017889681048085314
uniswap/sdks,scaffold-eth/scaffold-eth-2,0.0017889681048085314
typicode/husky,scaffold-eth/scaffold-eth-2,0.0017889681048085314
typestrong/ts-node,scaffold-eth/scaffold-eth-2,0.0017889681048085314
typescript-eslint/typescript-eslint,scaffold-eth/scaffold-eth-2,0.00013287306245544513
trivago/prettier-plugin-sort-imports,scaffold-eth/scaffold-eth-2,0.0005388268384638713
timolins/react-hot-toast,scaffold-eth/scaffold-eth-2,0.0017889681048085314
tanstack/query,scaffold-eth/scaffold-eth-2,0.0017889681048085314
tailwindlabs/tailwindcss,scaffold-eth/scaffold-eth-2,0.0017889681048085314
tailwindlabs/heroicons,scaffold-eth/scaffold-eth-2,0.0017889681048085314
soldair/node-qrcode,scaffold-eth/scaffold-eth-2,0.0017889681048085314
skyleen77/next-nprogress-bar,scaffold-eth/scaffold-eth-2,0.0017889681048085314
sindresorhus/type-fest,scaffold-eth/scaffold-eth-2,0.0017889681048085314
scaffold-eth/burner-connector,scaffold-eth/scaffold-eth-2,0.0017889681048085314
sc-forks/solidity-coverage,scaffold-eth/scaffold-eth-2,0.0072546233993057395
sboudrias/inquirer.js,scaffold-eth/scaffold-eth-2,0.0017889681048085314
rainbow-me/rainbowkit,scaffold-eth/scaffold-eth-2,0.0017889681048085314
prettier/prettier,scaffold-eth/scaffold-eth-2,0.0005388268384638713
prettier/eslint-plugin-prettier,scaffold-eth/scaffold-eth-2,7.29222827989966e-05
prettier/eslint-config-prettier,scaffold-eth/scaffold-eth-2,7.29222827989966e-05
prettier-solidity/prettier-plugin-solidity,scaffold-eth/scaffold-eth-2,0.0021850505774737125
postcss/postcss,scaffold-eth/scaffold-eth-2,0.0017889681048085314
pmndrs/zustand,scaffold-eth/scaffold-eth-2,0.0017889681048085314
pacocoursey/next-themes,scaffold-eth/scaffold-eth-2,0.0017889681048085314
openzeppelin/openzeppelin-contracts,scaffold-eth/scaffold-eth-2,0.16103777678299525
okonet/lint-staged,scaffold-eth/scaffold-eth-2,0.0005388268384638713
nomicfoundation/hardhat,scaffold-eth/scaffold-eth-2,0.26550640796838354
motdotla/dotenv,scaffold-eth/scaffold-eth-2,0.0017889681048085314
microsoft/typescript,scaffold-eth/scaffold-eth-2,0.0017889681048085314
juliencrn/usehooks-ts,scaffold-eth/scaffold-eth-2,0.0017889681048085314
ipfs/js-kubo-rpc-client,scaffold-eth/scaffold-eth-2,0.0017889681048085314
facebook/react,scaffold-eth/scaffold-eth-2,0.0017889681048085314
ethers-io/ethers.js,scaffold-eth/scaffold-eth-2,0.21737826134298469
ethereum-ts/typechain,scaffold-eth/scaffold-eth-2,0.0017889681048085314
eslint/eslint,scaffold-eth/scaffold-eth-2,0.00013287306245544513
definitelytyped/definitelytyped,scaffold-eth/scaffold-eth-2,0.0017889681048085314
chaijs/chai,scaffold-eth/scaffold-eth-2,0.0005388268384638713
cgewecke/hardhat-gas-reporter,scaffold-eth/scaffold-eth-2,0.0017889681048085314
buidlguidl/buidlguidl-ipfs,scaffold-eth/scaffold-eth-2,0.0017889681048085314
bpierre/blo,scaffold-eth/scaffold-eth-2,0.0017889681048085314
bevry/envfile,scaffold-eth/scaffold-eth-2,0.0017889681048085314
eemeli/yaml,shazow/whatsabi,0.004023479954569276
definitelytyped/definitelytyped,shazow/whatsabi,0.004023479954569276
slevithan/regex,shazow/whatsabi,0.004023479954569276
npm/cli,shazow/whatsabi,0.004023479954569276
chainsafe/web3.js,shazow/whatsabi,0.0012118488740610355
wevm/ox,shazow/whatsabi,0.019928426673885405
vitest-dev/vitest,shazow/whatsabi,0.0022081326166586836
gerrit0/typedoc-plugin-missing-exports,shazow/whatsabi,0.004023479954569276
coolaj86/nodejs-libs-4-browser,shazow/whatsabi,0.004023479954569276
ai/size-limit,shazow/whatsabi,0.004023479954569276
privatenumber/tsx,shazow/whatsabi,0.004023479954569276
typestrong/typedoc,shazow/whatsabi,0.004023479954569276
microsoft/typescript,shazow/whatsabi,0.004023479954569276
wevm/viem,shazow/whatsabi,0.4002731497793633
paulmillr/noble-hashes,shazow/whatsabi,0.010936952447674888
ethereum/web3.js,shazow/whatsabi,0.03631196090469031
ethers-io/ethers.js,shazow/whatsabi,0.4888947291579736
slog-rs/scope,sigp/lighthouse,0.001060460164843681
alloy-rs/core,sigp/lighthouse,0.011689639441716169
ethiraric/yaml-rust2,sigp/lighthouse,0.001060460164843681
conradkleinespel/rpassword,sigp/lighthouse,0.001060460164843681
retep998/winapi-rs,sigp/lighthouse,0.001060460164843681
trailofbits/windows-acl,sigp/lighthouse,0.001060460164843681
rust-lang/backtrace-rs,sigp/lighthouse,0.00047649546735678935
bheisler/criterion.rs,sigp/lighthouse,0.001060460164843681
jeltef/derive_more,sigp/lighthouse,0.00047649546735678935
museun/mock_instant,sigp/lighthouse,0.000390121492827269
rust-lang/flate2-rs,sigp/lighthouse,0.001060460164843681
picohz/mediatype,sigp/lighthouse,0.001060460164843681
rayon-rs/either,sigp/lighthouse,0.001060460164843681
vorner/arc-swap,sigp/lighthouse,0.001060460164843681
time-rs/time,sigp/lighthouse,0.001060460164843681
unicode-rs/unicode-normalization,sigp/lighthouse,0.001060460164843681
arkworks-rs/algebra,sigp/lighthouse,0.013180031666633061
tafia/quick-protobuf,sigp/lighthouse,0.002882629595899262
eminence/procfs,sigp/lighthouse,0.001060460164843681
xdg-rs/dirs,sigp/lighthouse,0.001060460164843681
paritytech/unsigned-varint,sigp/lighthouse,0.001060460164843681
jpopesculian/reqwest-eventsource,sigp/lighthouse,0.001060460164843681
leoborai/local-ip-address,sigp/lighthouse,0.001060460164843681
rust-psutil/rust-psutil,sigp/lighthouse,0.001060460164843681
servo/rust-fnv,sigp/lighthouse,0.001060460164843681
hyperium/headers,sigp/lighthouse,0.001060460164843681
detegr/rust-ctrlc,sigp/lighthouse,0.001060460164843681
paritytech/fdlimit,sigp/lighthouse,0.00026150625703146734
chronotope/chrono,sigp/lighthouse,0.00047649546735678935
smol-rs/async-channel,sigp/lighthouse,0.001060460164843681
oli-obk/cargo_metadata,sigp/lighthouse,0.001060460164843681
burntsushi/byteorder,sigp/lighthouse,0.001060460164843681
danburkert/fs2-rs,sigp/lighthouse,0.001060460164843681
cuviper/autocfg,sigp/lighthouse,0.001060460164843681
servo/rust-url,sigp/lighthouse,0.001060460164843681
rust-fuzz/arbitrary,sigp/lighthouse,0.001060460164843681
dtolnay/anyhow,sigp/lighthouse,0.001060460164843681
rustcrypto/hashes,sigp/lighthouse,0.06398847133221358
agemanning/delay_map,sigp/lighthouse,0.001060460164843681
keats/jsonwebtoken,sigp/lighthouse,0.001060460164843681
prometheus/client_rust,sigp/lighthouse,0.001060460164843681
clap-rs/clap,sigp/lighthouse,0.0005819928780804016
derekdreery/integer-sqrt-rs,sigp/lighthouse,0.001060460164843681
mcarton/rust-derivative,sigp/lighthouse,0.001060460164843681
ivanceras/r2d2-sqlite,sigp/lighthouse,0.001060460164843681
tokio-rs/bytes,sigp/lighthouse,0.028751873539148064
bitvecto-rs/bitvec,sigp/lighthouse,0.001060460164843681
rust-random/rand,sigp/lighthouse,0.00026150625703146734
bincode-org/bincode,sigp/lighthouse,0.001060460164843681
tokio-rs/tracing,sigp/lighthouse,0.001060460164843681
rust-lang/libc,sigp/lighthouse,0.001060460164843681
rust-lang/futures-rs,sigp/lighthouse,0.001060460164843681
alloy-rs/rlp,sigp/lighthouse,0.06398847133221358
sigp/discv5,sigp/lighthouse,0.014277757856010027
rust-num/num-bigint,sigp/lighthouse,0.002882629595899262
crate-crypto/rust-eth-kzg,sigp/lighthouse,0.03511761764298785
sigp/ethereum_ssz,sigp/lighthouse,0.047403825476473586
tikv/jemallocator,sigp/lighthouse,0.001060460164843681
dignifiedquire/num-bigint,sigp/lighthouse,0.002882629595899262
sigp/ethereum_hashing,sigp/lighthouse,0.02601577101685917
sigp/ethereum_serde_utils,sigp/lighthouse,0.009570667303326357
cberner/redb,sigp/lighthouse,0.001060460164843681
supranational/blst,sigp/lighthouse,0.4278201648499933
serde-rs/serde,sigp/lighthouse,0.001060460164843681
sigp/enr,sigp/lighthouse,0.002882629595899262
skade/leveldb,sigp/lighthouse,0.003520851739185495
libp2p/rust-libp2p,sigp/lighthouse,0.014277757856010027
sigp/metastruct,sigp/lighthouse,0.002882629595899262
alloy-rs/alloy,sigp/lighthouse,0.1739386988532287
gakonst/ethers-rs,sigp/lighthouse,0.003520851739185495
vacp2p/nim-libp2p,status-im/nimbus-eth2,0.07018174496057535
status-im/nimbus-security-resources,status-im/nimbus-eth2,0.005212649323547727
status-im/nimbus-eth1,status-im/nimbus-eth2,0.005212649323547727
status-im/nimbus-build-system,status-im/nimbus-eth2,0.005212649323547727
status-im/nimbus-benchmarking,status-im/nimbus-eth2,0.005212649323547727
status-im/nim-zxcvbn,status-im/nimbus-eth2,0.005212649323547727
status-im/nim-zlib,status-im/nimbus-eth2,0.005212649323547727
status-im/nim-websock,status-im/nimbus-eth2,0.005212649323547727
status-im/nim-web3,status-im/nimbus-eth2,0.005212649323547727
status-im/nim-unittest2,status-im/nimbus-eth2,0.0028607626036406485
status-im/nim-toml-serialization,status-im/nimbus-eth2,0.0028607626036406485
status-im/nim-testutils,status-im/nimbus-eth2,0.0028607626036406485
status-im/nim-taskpools,status-im/nimbus-eth2,0.005212649323547727
status-im/nim-stint,status-im/nimbus-eth2,0.005212649323547727
status-im/nim-stew,status-im/nimbus-eth2,0.005212649323547727
status-im/nim-ssz-serialization,status-im/nimbus-eth2,0.02581842111653315
status-im/nim-snappy,status-im/nimbus-eth2,0.005212649323547727
status-im/nim-serialization,status-im/nimbus-eth2,0.005212649323547727
status-im/nim-secp256k1,status-im/nimbus-eth2,0.031534690763074365
status-im/nim-presto,status-im/nimbus-eth2,0.005212649323547727
status-im/nim-nat-traversal,status-im/nimbus-eth2,0.005212649323547727
status-im/nim-minilru,status-im/nimbus-eth2,0.005212649323547727
status-im/nim-metrics,status-im/nimbus-eth2,0.005212649323547727
status-im/nim-libbacktrace,status-im/nimbus-eth2,0.0023421943208560368
status-im/nim-kzg4844,status-im/nimbus-eth2,0.03851655827574706
status-im/nim-json-serialization,status-im/nimbus-eth2,0.0034941433345281572
status-im/nim-json-rpc,status-im/nimbus-eth2,0.0034941433345281572
status-im/nim-http-utils,status-im/nimbus-eth2,0.005212649323547727
status-im/nim-faststreams,status-im/nimbus-eth2,0.005212649323547727
status-im/nim-eth2-scenarios,status-im/nimbus-eth2,0.005212649323547727
status-im/nim-eth,status-im/nimbus-eth2,0.005212649323547727
status-im/nim-confutils,status-im/nimbus-eth2,0.005212649323547727
status-im/nim-chronos,status-im/nimbus-eth2,0.0023421943208560368
status-im/nim-chronicles,status-im/nimbus-eth2,0.005212649323547727
status-im/nim-blscurve,status-im/nimbus-eth2,0.031534690763074365
status-im/nim-bearssl,status-im/nimbus-eth2,0.005212649323547727
nitely/nim-unicodedb,status-im/nimbus-eth2,0.005212649323547727
nitely/nim-normalize,status-im/nimbus-eth2,0.005212649323547727
gnosischain/configs,status-im/nimbus-eth2,0.0015700198049806307
flyx/nimyaml,status-im/nimbus-eth2,0.005212649323547727
ethereum/eips,status-im/nimbus-eth2,0.5731160541085465
eth-clients/sepolia,status-im/nimbus-eth2,0.005212649323547727
eth-clients/mainnet,status-im/nimbus-eth2,0.005212649323547727
eth-clients/hoodi,status-im/nimbus-eth2,0.005212649323547727
eth-clients/holesky,status-im/nimbus-eth2,0.005212649323547727
cheatfate/nimcrypto,status-im/nimbus-eth2,0.023361473500848957
arnetheduck/nim-sqlite3-abi,status-im/nimbus-eth2,0.017306605231402032
arnetheduck/nim-results,status-im/nimbus-eth2,0.005212649323547727
rust-num/num,succinctlabs/op-succinct,0.001447841725691094
etcd-io/bbolt,succinctlabs/op-succinct,0.001447841725691094
servo/rust-url,succinctlabs/op-succinct,0.001447841725691094
rusticata/x509-parser,succinctlabs/op-succinct,0.001447841725691094
dropbox/rust-alloc-no-stdlib,succinctlabs/op-succinct,0.001447841725691094
klauspost/cpuid,succinctlabs/op-succinct,0.001447841725691094
ethereum-optimism/superchain-registry,succinctlabs/op-succinct,0.001447841725691094
thomaseizinger/rust-futures-bounded,succinctlabs/op-succinct,0.001447841725691094
seanmonstar/reqwest,succinctlabs/op-succinct,0.001447841725691094
marshallpierce/rust-base64,succinctlabs/op-succinct,0.003935641853430887
tokio-rs/tracing-opentelemetry,succinctlabs/op-succinct,0.001447841725691094
bcmyers/num-format,succinctlabs/op-succinct,0.001447841725691094
gz/rust-cpuid,succinctlabs/op-succinct,0.001447841725691094
paritytech/parity-common,succinctlabs/op-succinct,0.001447841725691094
influxdata/influxdb-client-go,succinctlabs/op-succinct,0.001447841725691094
hyperium/http,succinctlabs/op-succinct,0.001447841725691094
rayon-rs/rayon,succinctlabs/op-succinct,0.001447841725691094
bincode-org/bincode,succinctlabs/op-succinct,0.001447841725691094
dotenv-rs/dotenv,succinctlabs/op-succinct,0.001447841725691094
open-telemetry/opentelemetry-rust,succinctlabs/op-succinct,0.001447841725691094
oconnor663/blake2_simd,succinctlabs/op-succinct,0.001447841725691094
rustcrypto/aeads,succinctlabs/op-succinct,0.02154349645836041
bmatcuk/doublestar,succinctlabs/op-succinct,0.001447841725691094
lib/pq,succinctlabs/op-succinct,0.001447841725691094
stretchr/testify,succinctlabs/op-succinct,0.0007945923862817281
mvdnes/spin-rs,succinctlabs/op-succinct,0.001447841725691094
aws/aws-lc-rs,succinctlabs/op-succinct,0.001447841725691094
pyfisch/cbor,succinctlabs/op-succinct,0.001447841725691094
recmo/uint,succinctlabs/op-succinct,0.001447841725691094
rust-lang/log,succinctlabs/op-succinct,0.001447841725691094
hashicorp/raft-boltdb,succinctlabs/op-succinct,0.003935641853430887
rustcrypto/traits,succinctlabs/op-succinct,0.02154349645836041
cryptocorrosion/cryptocorrosion,succinctlabs/op-succinct,0.00648877643760918
rust-random/rand,succinctlabs/op-succinct,0.0003570333738234001
burntsushi/rust-csv,succinctlabs/op-succinct,0.001447841725691094
rustcrypto/sponges,succinctlabs/op-succinct,0.02154349645836041
dtolnay/async-trait,succinctlabs/op-succinct,0.001447841725691094
peternator7/strum,succinctlabs/op-succinct,0.001447841725691094
rust-lang/cfg-if,succinctlabs/op-succinct,0.001447841725691094
rust-bitcoin/rust-secp256k1,succinctlabs/op-succinct,0.008758932024698391
dtolnay/serde-repr,succinctlabs/op-succinct,0.001447841725691094
serde-rs/json,succinctlabs/op-succinct,0.001447841725691094
metrics-rs/metrics,succinctlabs/op-succinct,0.001447841725691094
tikv/jemallocator,succinctlabs/op-succinct,0.001447841725691094
dtolnay/quote,succinctlabs/op-succinct,0.001447841725691094
0xpolygonzero/plonky3,succinctlabs/op-succinct,0.001447841725691094
clap-rs/clap,succinctlabs/op-succinct,0.0007945923862817281
rust-lang/cargo,succinctlabs/op-succinct,0.001447841725691094
jonasbb/serde_with,succinctlabs/op-succinct,0.001447841725691094
arkworks-rs/snark,succinctlabs/op-succinct,0.1303305587239093
alloy-rs/alloy,succinctlabs/op-succinct,0.042524227933543116
rust-lang/futures-rs,succinctlabs/op-succinct,0.001447841725691094
alloy-rs/op-alloy,succinctlabs/op-succinct,0.01595981471354545
alloy-rs/alloy-evm,succinctlabs/op-succinct,0.0308789271662445
rustls/rustls,succinctlabs/op-succinct,0.001447841725691094
launchbadge/sqlx,succinctlabs/op-succinct,0.001447841725691094
tokio-rs/tokio,succinctlabs/op-succinct,0.0585612949442329
paritytech/bn,succinctlabs/op-succinct,0.001447841725691094
alloy-rs/eips,succinctlabs/op-succinct,0.022422703227637075
snowfork/incubator-milagro-crypto-rust,succinctlabs/op-succinct,0.00648877643760918
bluealloy/revm,succinctlabs/op-succinct,0.1440375432382149
zkcrypto/ff,succinctlabs/op-succinct,0.02631328599465526
dtolnay/anyhow,succinctlabs/op-succinct,0.001447841725691094
rkyv/rancor,succinctlabs/op-succinct,0.001447841725691094
rkyv/rkyv,succinctlabs/op-succinct,0.001447841725691094
alloy-rs/rlp,succinctlabs/op-succinct,0.01910736728726355
rustcrypto/elliptic-curves,succinctlabs/op-succinct,0.10670563649310039
ethereum/c-kzg-4844,succinctlabs/op-succinct,0.23747776131623433
serde-rs/serde,succinctlabs/op-succinct,0.001447841725691094
op-rs/kona,succinctlabs/op-succinct,0.001447841725691094
simonsapin/rust-utf8,succinctlabs/rsp,0.0011661281946884928
eyre-rs/eyre,succinctlabs/rsp,0.0011661281946884928
rustcrypto/utils,succinctlabs/rsp,0.031616812677787744
rustcrypto/kdfs,succinctlabs/rsp,0.017351674693775052
ferrilab/ferrilab,succinctlabs/rsp,0.0011661281946884928
myrrlyn/tap,succinctlabs/rsp,0.0011661281946884928
frewsxcv/rust-gcd,succinctlabs/rsp,0.0011661281946884928
rust-lang/glob,succinctlabs/rsp,0.0005239751737472662
wvwwvwwv/scalable-concurrent-containers,succinctlabs/rsp,0.0011661281946884928
nvzqz/static-assertions-rs,succinctlabs/rsp,0.0011661281946884928
marshallpierce/rust-base64,succinctlabs/rsp,0.0031698650812754816
rust-random/rand,succinctlabs/rsp,0.000287563672376889
cryptocorrosion/cryptocorrosion,succinctlabs/rsp,0.005226223984748477
dtolnay/semver,succinctlabs/rsp,0.0011661281946884928
nugine/simd,succinctlabs/rsp,0.0011661281946884928
hyperium/http,succinctlabs/rsp,0.0011661281946884928
pacman82/atoi-rs,succinctlabs/rsp,0.0011661281946884928
inosion/madato,succinctlabs/rsp,0.0011661281946884928
paritytech/parity-common,succinctlabs/rsp,0.0011661281946884928
mcgoo/vcpkg-rs,succinctlabs/rsp,0.0011661281946884928
nagisa/rust_libloading,succinctlabs/rsp,0.0011661281946884928
rust-lang/cc-rs,succinctlabs/rsp,0.0011661281946884928
rustcrypto/macs,succinctlabs/rsp,0.017351674693775052
snowfork/incubator-milagro-crypto-rust,succinctlabs/rsp,0.005226223984748477
wvwwvwwv/scalable-delayed-dealloc,succinctlabs/rsp,0.0011661281946884928
rusqlite/rusqlite,succinctlabs/rsp,0.0011661281946884928
alacritty/vte,succinctlabs/rsp,0.0011661281946884928
jeromefroe/lru-rs,succinctlabs/rsp,0.0011661281946884928
cole14/rust-elf,succinctlabs/rsp,0.0011661281946884928
servo/rust-url,succinctlabs/rsp,0.0011661281946884928
dtolnay/serde-yaml,succinctlabs/rsp,0.0005239751737472662
kokakiwi/rust-hex,succinctlabs/rsp,0.0011661281946884928
zkcrypto/group,succinctlabs/rsp,0.021193383329674874
time-rs/time,succinctlabs/rsp,0.0011661281946884928
truelayer/reqwest-middleware,succinctlabs/rsp,0.0011661281946884928
burntsushi/rust-csv,succinctlabs/rsp,0.0011661281946884928
peternator7/strum,succinctlabs/rsp,0.0011661281946884928
seanmonstar/num_cpus,succinctlabs/rsp,0.0011661281946884928
seanmonstar/reqwest,succinctlabs/rsp,0.0011661281946884928
rust-itertools/itertools,succinctlabs/rsp,0.0011661281946884928
mozilla/cbindgen,succinctlabs/rsp,0.0011661281946884928
hawkw/matchers,succinctlabs/rsp,0.0011661281946884928
alloy-rs/eips,succinctlabs/rsp,0.08594340737582398
tokio-rs/tracing,succinctlabs/rsp,0.0011661281946884928
dotenv-rs/dotenv,succinctlabs/rsp,0.0011661281946884928
rust-lang/log,succinctlabs/rsp,0.0011661281946884928
rayon-rs/either,succinctlabs/rsp,0.0011661281946884928
alloy-rs/trie,succinctlabs/rsp,0.07036451064289614
dtolnay/thiserror,succinctlabs/rsp,0.0011661281946884928
rust-lang/futures-rs,succinctlabs/rsp,0.0011661281946884928
xacrimon/dashmap,succinctlabs/rsp,0.0011661281946884928
0xpolygonzero/plonky3,succinctlabs/rsp,0.0011661281946884928
serde-rs/json,succinctlabs/rsp,0.0011661281946884928
bincode-org/bincode,succinctlabs/rsp,0.0011661281946884928
clap-rs/clap,succinctlabs/rsp,0.0006399847224223651
awslabs/aws-sdk-rust,succinctlabs/rsp,0.0011661281946884928
jonasbb/serde_with,succinctlabs/rsp,0.0011661281946884928
recmo/uint,succinctlabs/rsp,0.0011661281946884928
rust-lang/cargo,succinctlabs/rsp,0.0011661281946884928
alloy-rs/op-alloy,succinctlabs/rsp,0.01285443677249043
alloy-rs/rlp,succinctlabs/rsp,0.07036451064289614
launchbadge/sqlx,succinctlabs/rsp,0.0011661281946884928
alloy-rs/chains,succinctlabs/rsp,0.031616812677787744
serde-rs/serde,succinctlabs/rsp,0.0011661281946884928
tokio-rs/tokio,succinctlabs/rsp,0.047166742013421394
alloy-rs/alloy-evm,succinctlabs/rsp,0.12821249772269908
paritytech/bn,succinctlabs/rsp,0.0011661281946884928
rustcrypto/elliptic-curves,succinctlabs/rsp,0.08594340737582398
alloy-rs/alloy,succinctlabs/rsp,0.19127057064899766
bluealloy/revm,succinctlabs/rsp,0.11601146539934842
manishearth/pathdiff,succinctlabs/sp1,0.0014177842170732527
rust-lang/cfg-if,succinctlabs/sp1,0.0014177842170732527
rust-lang-nursery/lazy-static.rs,succinctlabs/sp1,0.0014177842170732527
jeromefroe/lru-rs,succinctlabs/sp1,0.0014177842170732527
gregac/rrs,succinctlabs/sp1,0.0014177842170732527
daxpedda/web-time,succinctlabs/sp1,0.0007780964758002601
orlp/foldhash,succinctlabs/sp1,0.01562848549448833
nvzqz/static-assertions-rs,succinctlabs/sp1,0.0014177842170732527
seanmonstar/reqwest,succinctlabs/sp1,0.0014177842170732527
rust-lang-nursery/failure,succinctlabs/sp1,0.0014177842170732527
rustcrypto/utils,succinctlabs/sp1,0.03843987154491473
iqlusioninc/crates,succinctlabs/sp1,0.0014177842170732527
snowfork/incubator-milagro-crypto-rust,succinctlabs/sp1,0.006354068029755007
dtolnay/async-trait,succinctlabs/sp1,0.0014177842170732527
awslabs/aws-sdk-rust,succinctlabs/sp1,0.0014177842170732527
rustcrypto/rsa,succinctlabs/sp1,0.021096248793808874
oli-obk/cargo_metadata,succinctlabs/sp1,0.0014177842170732527
rust-lang/hashbrown,succinctlabs/sp1,0.003853937073946257
ihrwein/backoff,succinctlabs/sp1,0.0014177842170732527
guillaumegomez/sysinfo,succinctlabs/sp1,0.0014177842170732527
rustcrypto/crypto-bigint,succinctlabs/sp1,0.05734554974486171
github/twirp-rs,succinctlabs/sp1,0.0014177842170732527
jpopesculian/eventsource-stream,succinctlabs/sp1,0.0014177842170732527
hyperium/tonic,succinctlabs/sp1,0.0014177842170732527
contain-rs/vec-map,succinctlabs/sp1,0.0014177842170732527
clap-rs/clap,succinctlabs/sp1,0.0007780964758002601
rust-num/num-traits,succinctlabs/sp1,0.0014177842170732527
marcianx/downcast-rs,succinctlabs/sp1,0.0014177842170732527
rust-lang/cargo,succinctlabs/sp1,0.0014177842170732527
blake3-team/blake3,succinctlabs/sp1,0.0014177842170732527
tokio-rs/prost,succinctlabs/sp1,0.0014177842170732527
fizyk20/generic-array,succinctlabs/sp1,0.0014177842170732527
m4b/goblin,succinctlabs/sp1,0.0014177842170732527
bytecodealliance/target-lexicon,succinctlabs/sp1,0.004707209371893694
rust-lang/futures-rs,succinctlabs/sp1,0.0014177842170732527
rustcrypto/hashes,succinctlabs/sp1,0.08554950740920071
rust-itertools/itertools,succinctlabs/sp1,0.0014177842170732527
arieluy/rayon-scan,succinctlabs/sp1,0.0014177842170732527
truelayer/reqwest-middleware,succinctlabs/sp1,0.0014177842170732527
paholg/typenum,succinctlabs/sp1,0.0014177842170732527
peternator7/strum,succinctlabs/sp1,0.0014177842170732527
paritytech/nohash-hasher,succinctlabs/sp1,0.003853937073946257
0xpolygonzero/plonky3,succinctlabs/sp1,0.0014177842170732527
arkworks-rs/groth16,succinctlabs/sp1,0.028476957241137534
tokio-rs/tracing,succinctlabs/sp1,0.0014177842170732527
consensys/gnark-ignition-verifier,succinctlabs/sp1,0.02331496064740602
dtolnay/thiserror,succinctlabs/sp1,0.0014177842170732527
cryptocorrosion/cryptocorrosion,succinctlabs/sp1,0.006354068029755007
informalsystems/tendermint-rs,succinctlabs/sp1,0.0014177842170732527
consensys/gnark,succinctlabs/sp1,0.02331496064740602
rust-num/num,succinctlabs/sp1,0.0014177842170732527
rust-bitcoin/rust-secp256k1,succinctlabs/sp1,0.008577094693901896
rust-lang/libm,succinctlabs/sp1,0.0014177842170732527
dtolnay/syn,succinctlabs/sp1,0.0014177842170732527
dtolnay/quote,succinctlabs/sp1,0.0014177842170732527
ralexstokes/ssz-rs,succinctlabs/sp1,0.00702233119795946
zkcrypto/bls12_381,succinctlabs/sp1,0.1558813658144517
rust-embedded/embedded-alloc,succinctlabs/sp1,0.0014177842170732527
dtolnay/proc-macro2,succinctlabs/sp1,0.0007780964758002601
tokio-rs/tokio,succinctlabs/sp1,0.05734554974486171
consensys/gnark-crypto,succinctlabs/sp1,0.34692035960936907
rustls/rustls,succinctlabs/sp1,0.0014177842170732527
dignifiedquire/num-bigint,succinctlabs/sp1,0.003853937073946257
dalek-cryptography/curve25519-dalek,succinctlabs/sp1,0.006354068029755007
cmpute/dashu,succinctlabs/sp1,0.0014177842170732527
paritytech/bn,succinctlabs/sp1,0.0014177842170732527
zkcrypto/curve25519-dalek-ng,succinctlabs/sp1,0.02576701646359132
rust-num/num-bigint,succinctlabs/sp1,0.003853937073946257
rust-embedded/critical-section,succinctlabs/sp1,0.0014177842170732527
paholg/subenum,succinctlabs/sp1,0.0014177842170732527
serde-rs/serde,supranational/blst,0.030479845875950113
rustcrypto/utils,supranational/blst,0.8263890555919388
rust-threadpool/rust-threadpool,supranational/blst,0.030479845875950113
rust-random/rand,supranational/blst,0.007516237454417395
rust-lang/glob,supranational/blst,0.013695477573893236
rust-lang/cc-rs,supranational/blst,0.030479845875950113
bheisler/criterion.rs,supranational/blst,0.030479845875950113
3hren/msgpack-rust,supranational/blst,0.030479845875950113
jshttp/methods,swiss-knife-xyz/swiss-knife,0.0027910088392757637
jshttp/etag,swiss-knife-xyz/swiss-knife,0.0027910088392757637
peterolson/biginteger.js,swiss-knife-xyz/swiss-knife,0.007586748610871881
soldair/node-qrcode,swiss-knife-xyz/swiss-knife,0.0027910088392757637
tritondatacenter/node-http-signature,swiss-knife-xyz/swiss-knife,0.0027910088392757637
websockets/ws,swiss-knife-xyz/swiss-knife,0.0027910088392757637
pldespaigne/content-hash,swiss-knife-xyz/swiss-knife,0.007586748610871881
shtylman/node-process,swiss-knife-xyz/swiss-knife,0.0027910088392757637
dmnd/dedent,swiss-knife-xyz/swiss-knife,0.0027910088392757637
mikeal/request,swiss-knife-xyz/swiss-knife,0.0027910088392757637
motiondivision/motion,swiss-knife-xyz/swiss-knife,0.0027910088392757637
cryptocoinjs/bs58,swiss-knife-xyz/swiss-knife,0.012508433810199119
pvorb/node-md5,swiss-knife-xyz/swiss-knife,0.0027910088392757637
graffle-js/graffle,swiss-knife-xyz/swiss-knife,0.0027910088392757637
kaelzhang/node-ignore,swiss-knife-xyz/swiss-knife,0.0027910088392757637
eslint/js,swiss-knife-xyz/swiss-knife,0.00020729821332084568
definitelytyped/definitelytyped,swiss-knife-xyz/swiss-knife,0.0027910088392757637
npm/node-which,swiss-knife-xyz/swiss-knife,0.0027910088392757637
anza-xyz/kit,swiss-knife-xyz/swiss-knife,0.0027910088392757637
crypto-browserify/createhash,swiss-knife-xyz/swiss-knife,0.034001448328747005
ensdomains/ensjs,swiss-knife-xyz/swiss-knife,0.0027910088392757637
pinojs/pino-pretty,swiss-knife-xyz/swiss-knife,0.0027910088392757637
highlightjs/highlightjs-solidity,swiss-knife-xyz/swiss-knife,0.011318098952494275
bpierre/blo,swiss-knife-xyz/swiss-knife,0.0027910088392757637
fortawesome/font-awesome,swiss-knife-xyz/swiss-knife,0.0027910088392757637
satya164/react-simple-code-editor,swiss-knife-xyz/swiss-knife,0.0027910088392757637
highlightjs/highlight.js,swiss-knife-xyz/swiss-knife,0.0027910088392757637
zxing-js/browser,swiss-knife-xyz/swiss-knife,0.0027910088392757637
fortawesome/react-fontawesome,swiss-knife-xyz/swiss-knife,0.0027910088392757637
motdotla/dotenv,swiss-knife-xyz/swiss-knife,0.0027910088392757637
react-icons/react-icons,swiss-knife-xyz/swiss-knife,0.0027910088392757637
prettier/prettier,swiss-knife-xyz/swiss-knife,0.0008406357077856534
impersonator-eth/iframe,swiss-knife-xyz/swiss-knife,0.0027910088392757637
barvian/number-flow,swiss-knife-xyz/swiss-knife,0.0027910088392757637
date-fns/date-fns,swiss-knife-xyz/swiss-knife,0.0027910088392757637
privatenumber/tsx,swiss-knife-xyz/swiss-knife,0.0027910088392757637
bvaughn/react-error-boundary,swiss-knife-xyz/swiss-knife,0.0027910088392757637
es-shims/string.prototype.trim,swiss-knife-xyz/swiss-knife,0.0027910088392757637
ensdomains/content-hash,swiss-knife-xyz/swiss-knife,0.007586748610871881
upstash/upstash-redis,swiss-knife-xyz/swiss-knife,0.0027910088392757637
csandman/chakra-react-select,swiss-knife-xyz/swiss-knife,0.0027910088392757637
monosux/ethereum-block-by-date,swiss-knife-xyz/swiss-knife,0.009266475678786754
emotion-js/emotion,swiss-knife-xyz/swiss-knife,0.0027910088392757637
juliencrn/usehooks-ts,swiss-knife-xyz/swiss-knife,0.0027910088392757637
47ng/next-usequerystate,swiss-knife-xyz/swiss-knife,0.0027910088392757637
lodash/lodash,swiss-knife-xyz/swiss-knife,0.0027910088392757637
rainbow-me/rainbowkit,swiss-knife-xyz/swiss-knife,0.0027910088392757637
automattic/mongoose,swiss-knife-xyz/swiss-knife,0.0027910088392757637
suren-atoyan/monaco-react,swiss-knife-xyz/swiss-knife,0.0027910088392757637
walletconnect/walletconnect-utils,swiss-knife-xyz/swiss-knife,0.0027910088392757637
tanstack/query,swiss-knife-xyz/swiss-knife,0.0027910088392757637
coinbase/x402,swiss-knife-xyz/swiss-knife,0.0027910088392757637
upstash/ratelimit,swiss-knife-xyz/swiss-knife,0.0027910088392757637
chakra-ui/chakra-ui,swiss-knife-xyz/swiss-knife,0.0027910088392757637
microsoft/monaco-editor,swiss-knife-xyz/swiss-knife,0.0027910088392757637
axios/axios,swiss-knife-xyz/swiss-knife,0.0027910088392757637
chainsafe/web3.js,swiss-knife-xyz/swiss-knife,0.0008406357077856534
eslint/eslint,swiss-knife-xyz/swiss-knife,0.00020729821332084568
shazow/whatsabi,swiss-knife-xyz/swiss-knife,0.11288878399382525
ithacaxyz/porto,swiss-knife-xyz/swiss-knife,0.0027910088392757637
wevm/viem,swiss-knife-xyz/swiss-knife,0.27766160432593734
colinhacks/zod,swiss-knife-xyz/swiss-knife,0.0027910088392757637
openchainxyz/abi-guesser,swiss-knife-xyz/swiss-knife,0.0027910088392757637
walletconnect/walletconnect-monorepo,swiss-knife-xyz/swiss-knife,0.0027910088392757637
wevm/wagmi,swiss-knife-xyz/swiss-knife,0.013823957277706227
vercel/next.js,swiss-knife-xyz/swiss-knife,0.0027910088392757637
ethers-io/ethers.js,swiss-knife-xyz/swiss-knife,0.33913664935887794
cdump/evmole,swiss-knife-xyz/swiss-knife,0.013823957277706227
microsoft/typescript,swiss-knife-xyz/swiss-knife,0.0027910088392757637
facebook/react,swiss-knife-xyz/swiss-knife,0.0027910088392757637
paritytech/libsecp256k1,taikoxyz/taiko-mono,0.008831229479565486
urfave/cli,taikoxyz/taiko-mono,0.001459792414601875
rabbitmq/amqp091-go,taikoxyz/taiko-mono,0.001459792414601875
modern-go/reflect2,taikoxyz/taiko-mono,0.001459792414601875
shopspring/decimal,taikoxyz/taiko-mono,0.001459792414601875
tokio-rs/tracing,taikoxyz/taiko-mono,0.001459792414601875
palfrey/serial_test,taikoxyz/taiko-mono,0.0008011510634153044
labstack/gommon,taikoxyz/taiko-mono,0.001459792414601875
labstack/echo-jwt,taikoxyz/taiko-mono,0.001459792414601875
go-git/go-git,taikoxyz/taiko-mono,0.001459792414601875
go-gorm/gorm,taikoxyz/taiko-mono,0.001459792414601875
openzeppelin/event-scanner,taikoxyz/taiko-mono,0.001459792414601875
protonmail/go-crypto,taikoxyz/taiko-mono,0.006542335709483637
dtolnay/thiserror,taikoxyz/taiko-mono,0.001459792414601875
unicode-org/icu4x,taikoxyz/taiko-mono,0.001459792414601875
kyren/hashlink,taikoxyz/taiko-mono,0.00396812719393463
rustcrypto/elliptic-curves,taikoxyz/taiko-mono,0.10758639980039299
ratatui/ratatui,taikoxyz/taiko-mono,0.0004396810258714223
hsivonen/write16,taikoxyz/taiko-mono,0.001459792414601875
gnomeddev/proc-macro-error-2,taikoxyz/taiko-mono,0.0008011510634153044
gorilla/websocket,taikoxyz/taiko-mono,0.001459792414601875
gotestyourself/gotest.tools,taikoxyz/taiko-mono,0.0008011510634153044
rustcrypto/block-ciphers,taikoxyz/taiko-mono,0.021721319503280243
pressly/goose,taikoxyz/taiko-mono,0.001459792414601875
zkcrypto/ff,taikoxyz/taiko-mono,0.026530479552184783
libp2p/go-yamux,taikoxyz/taiko-mono,0.019654262655682216
metrics-rs/metrics,taikoxyz/taiko-mono,0.001459792414601875
seanmonstar/reqwest,taikoxyz/taiko-mono,0.001459792414601875
tokio-rs/axum,taikoxyz/taiko-mono,0.001459792414601875
rust-lang/log,taikoxyz/taiko-mono,0.001459792414601875
ethereum/hive,taikoxyz/taiko-mono,0.013174646248153458
cyberhorsey/webutils,taikoxyz/taiko-mono,0.001459792414601875
alloy-rs/core,taikoxyz/taiko-mono,0.016091549265279167
srijs/rust-tokio-retry,taikoxyz/taiko-mono,0.001459792414601875
arkworks-rs/snark,taikoxyz/taiko-mono,0.01192091289471631
filosottile/edwards25519,taikoxyz/taiko-mono,0.001459792414601875
clap-rs/clap,taikoxyz/taiko-mono,0.0008011510634153044
stretchr/testify,taikoxyz/taiko-mono,0.0008011510634153044
cenkalti/backoff,taikoxyz/taiko-mono,0.001459792414601875
servo/rust-url,taikoxyz/taiko-mono,0.001459792414601875
alloy-rs/hardforks,taikoxyz/taiko-mono,0.05904466809591974
launchbadge/sqlx,taikoxyz/taiko-mono,0.001459792414601875
alloy-rs/rlp,taikoxyz/taiko-mono,0.08808429412952458
pkg/errors,taikoxyz/taiko-mono,0.001459792414601875
moka-rs/moka,taikoxyz/taiko-mono,0.001459792414601875
dtolnay/async-trait,taikoxyz/taiko-mono,0.001459792414601875
tokio-rs/tokio,taikoxyz/taiko-mono,0.05904466809591974
go-resty/resty,taikoxyz/taiko-mono,0.001459792414601875
hashicorp/golang-lru,taikoxyz/taiko-mono,0.00396812719393463
chronotope/chrono,taikoxyz/taiko-mono,0.0006559270134792384
serde-rs/serde,taikoxyz/taiko-mono,0.001459792414601875
decred/dcrd,taikoxyz/taiko-mono,0.001459792414601875
btcsuite/btcd,taikoxyz/taiko-mono,0.001459792414601875
jonasbb/serde_with,taikoxyz/taiko-mono,0.001459792414601875
alloy-rs/eips,taikoxyz/taiko-mono,0.10758639980039299
tower-rs/tower,taikoxyz/taiko-mono,0.001459792414601875
libp2p/go-libp2p,taikoxyz/taiko-mono,0.019654262655682216
burntsushi/aho-corasick,taikoxyz/taiko-mono,0.001459792414601875
labstack/echo-contrib,taikoxyz/taiko-mono,0.001459792414601875
hyperium/hyper,taikoxyz/taiko-mono,0.001459792414601875
rust-num/num-bigint,taikoxyz/taiko-mono,0.00396812719393463
prysmaticlabs/prysm,taikoxyz/taiko-mono,0.001459792414601875
rust-random/rand,taikoxyz/taiko-mono,0.00035998037742580933
alloy-rs/alloy,taikoxyz/taiko-mono,0.23943793610492842
hyperium/hyper-util,taikoxyz/taiko-mono,0.001459792414601875
holiman/uint256,taikoxyz/taiko-mono,0.10758639980039299
rust-bitcoin/rust-secp256k1,taikoxyz/taiko-mono,0.008831229479565486
hyperium/http-body,taikoxyz/taiko-mono,0.001459792414601875
rust-lang/cargo,taikoxyz/taiko-mono,0.001459792414601875
cyberhorsey/errors,taikoxyz/taiko-mono,0.001459792414601875
tushar2708/altcsv,trueblocks/trueblocks-core,0.008813123540968375
spf13/viper,trueblocks/trueblocks-core,0.003242166963226329
spf13/pflag,trueblocks/trueblocks-core,0.003242166963226329
spf13/cobra,trueblocks/trueblocks-core,0.0017793389555782427
panjf2000/ants,trueblocks/trueblocks-core,0.003242166963226329
mitchellh/go-homedir,trueblocks/trueblocks-core,0.003242166963226329
gorilla/websocket,trueblocks/trueblocks-core,0.003242166963226329
gorilla/mux,trueblocks/trueblocks-core,0.003242166963226329
gookit/color,trueblocks/trueblocks-core,0.0009765219233767315
ethereum/go-ethereum,trueblocks/trueblocks-core,0.9689780138007186
willmcgugan/rich,vyperlang/titanoboa,0.004297702371838137
vyperlang/vyper,vyperlang/titanoboa,0.7049173400362025
vyperlang/vvm,vyperlang/titanoboa,0.004297702371838137
squidfunk/mkdocs-material,vyperlang/titanoboa,0.004297702371838137
sphinx-doc/sphinx,vyperlang/titanoboa,0.004297702371838137
skellet0r/eth-stdlib,vyperlang/titanoboa,0.004297702371838137
requests-cache/requests-cache,vyperlang/titanoboa,0.004297702371838137
readthedocs/sphinx_rtd_theme,vyperlang/titanoboa,0.004297702371838137
python/typing_extensions,vyperlang/titanoboa,0.004297702371838137
python/mypy,vyperlang/titanoboa,0.004297702371838137
pytest-dev/pytest-xdist,vyperlang/titanoboa,0.002358629070133666
pytest-dev/pytest-cov,vyperlang/titanoboa,0.002358629070133666
pytest-dev/pytest,vyperlang/titanoboa,0.002358629070133666
pycqa/isort,vyperlang/titanoboa,0.004297702371838137
pycqa/flake8-bugbear,vyperlang/titanoboa,0.004297702371838137
pycqa/flake8,vyperlang/titanoboa,0.004297702371838137
psf/requests,vyperlang/titanoboa,0.004297702371838137
psf/black,vyperlang/titanoboa,0.004297702371838137
pre-commit/pre-commit,vyperlang/titanoboa,0.004297702371838137
jupyter-server/jupyter_server,vyperlang/titanoboa,0.004297702371838137
ipython/ipython,vyperlang/titanoboa,0.004297702371838137
hypothesisworks/hypothesis,vyperlang/titanoboa,0.004297702371838137
ethereum/eth-typing,vyperlang/titanoboa,0.038786821922389234
ethereum/eth-account,vyperlang/titanoboa,0.038786821922389234
ethereum/eth-abi,vyperlang/titanoboa,0.12877678384369343
erdewit/nest_asyncio,vyperlang/titanoboa,0.004297702371838137
sphinx-doc/sphinx,vyperlang/vyper,0.08726305704482998
pypa/wheel,vyperlang/vyper,0.08726305704482998
pypa/packaging,vyperlang/vyper,0.08726305704482998
magicstack/immutables,vyperlang/vyper,0.08726305704482998
lepture/shibuya,vyperlang/vyper,0.08726305704482998
legrandin/pycryptodome,vyperlang/vyper,0.21463248659653025
lark-parser/lark,vyperlang/vyper,0.08726305704482998
gristlabs/asttokens,vyperlang/vyper,0.08726305704482998
executablebooks/sphinx-copybutton,vyperlang/vyper,0.08726305704482998
agronholm/cbor2,vyperlang/vyper,0.08726305704482998
uber-go/multierr,wealdtech/ethdo,0.02659220878813182
klauspost/cpuid,wealdtech/ethdo,0.02659220878813182
open-telemetry/opentelemetry-go-instrumentation,wealdtech/ethdo,0.02659220878813182
hako/durafmt,wealdtech/ethdo,0.02659220878813182
r3labs/sse,wealdtech/ethdo,0.02659220878813182
cespare/xxhash,wealdtech/ethdo,0.07228511792736765
jackc/puddle,wealdtech/ethdo,0.02659220878813182
pelletier/go-toml,wealdtech/ethdo,0.014594113612368571
tyler-smith/go-bip39,wealdtech/ethdo,0.02659220878813182
google/uuid,wealdtech/ethdo,0.009782726908492252
stretchr/testify,wealdtech/ethdo,0.014594113612368571
go-viper/mapstructure,wealdtech/ethdo,0.02659220878813182
gofrs/uuid,wealdtech/ethdo,0.009782726908492252
mitchellh/go-homedir,wealdtech/ethdo,0.02659220878813182
spf13/pflag,wealdtech/ethdo,0.02659220878813182
spf13/viper,wealdtech/ethdo,0.02659220878813182
rs/zerolog,wealdtech/ethdo,0.02659220878813182
pkg/errors,wealdtech/ethdo,0.02659220878813182
shopspring/decimal,wealdtech/ethdo,0.02659220878813182
nbutton23/zxcvbn-go,wealdtech/ethdo,0.02659220878813182
spf13/cobra,wealdtech/ethdo,0.014594113612368571
ferranbt/fastssz,wealdtech/ethdo,0.1317120723639016
prysmaticlabs/go-bitfield,wealdtech/ethdo,0.02659220878813182
attestantio/go-eth2-client,wealdtech/ethdo,0.014594113612368571
prysmaticlabs/go-ssz,wealdtech/ethdo,0.1317120723639016
herumi/bls-eth-go-binary,wealdtech/ethdo,0.1608734884682613
wevm/vocs,wevm/viem,0.01938410920211319
wevm/viem,wevm/viem,0.38934024110214627
wevm/prool,wevm/viem,0.01938410920211319
webpro/knip,wevm/viem,0.003913584152334812
vitest-dev/vitest,wevm/viem,0.0021478205216345215
vitejs/vite-plugin-react,wevm/viem,0.003913584152334812
vitejs/vite,wevm/viem,0.003913584152334812
vercel/next.js,wevm/viem,0.003913584152334812
toplenboren/simple-git-hooks,wevm/viem,0.003913584152334812
tailwindlabs/tailwindcss,wevm/viem,0.003913584152334812
quiibz/sherif,wevm/viem,0.003913584152334812
publint/publint,wevm/viem,0.0011787488945145669
pimlicolabs/permissionless.js,wevm/viem,0.003913584152334812
pimlicolabs/alto,wevm/viem,0.003913584152334812
paulmillr/trusted-setups,wevm/viem,0.003913584152334812
paulmillr/micro-eth-signer,wevm/viem,0.003913584152334812
oven-sh/issues,wevm/viem,0.003913584152334812
microsoft/typescript,wevm/viem,0.003913584152334812
isaacs/node-glob,wevm/viem,0.0017584867131541762
facebook/react,wevm/viem,0.003913584152334812
ethers-io/ethers.js,wevm/viem,0.4755412443449075
ethereumjs/ethereumjs-monorepo,wevm/viem,0.01299355697272038
definitelytyped/definitelytyped,wevm/viem,0.003913584152334812
changesets/changesets,wevm/viem,0.003913584152334812
biomejs/biome,wevm/viem,0.003913584152334812
arktypeio/arktype,wevm/viem,0.003913584152334812
arethetypeswrong/arethetypeswrong.github.io,wevm/viem,0.003913584152334812
ai/size-limit,wevm/viem,0.003913584152334812
microsoft/node-jsonc-parser,wighawag/hardhat-deploy,0.002629485611211153
shunkakinoki/contracts,wighawag/hardhat-deploy,0.003922731576897148
raszi/node-tmp,wighawag/hardhat-deploy,0.003922731576897148
debug-js/debug,wighawag/hardhat-deploy,0.001181504045846646
slevithan/regex,wighawag/hardhat-deploy,0.003922731576897148
sindresorhus/slash,wighawag/hardhat-deploy,0.003922731576897148
isaacs/rimraf,wighawag/hardhat-deploy,0.003922731576897148
definitelytyped/definitelytyped,wighawag/hardhat-deploy,0.003922731576897148
changesets/changesets,wighawag/hardhat-deploy,0.003922731576897148
prettier/prettier,wighawag/hardhat-deploy,0.001181504045846646
vuejs/vitepress,wighawag/hardhat-deploy,0.003922731576897148
jamiemason/syncpack,wighawag/hardhat-deploy,0.003922731576897148
prettier-solidity/prettier-plugin-solidity,wighawag/hardhat-deploy,0.00479123516754417
colinhacks/zod,wighawag/hardhat-deploy,0.003922731576897148
jeffbski/wait-on,wighawag/hardhat-deploy,0.003922731576897148
microsoft/typescript,wighawag/hardhat-deploy,0.003922731576897148
l2beat/earl,wighawag/hardhat-deploy,0.003922731576897148
openzeppelin/openzeppelin-contracts,wighawag/hardhat-deploy,0.3531130434142536
nomicfoundation/hardhat,wighawag/hardhat-deploy,0.5821849856387377
privatenumber/tsx,wighawag/hardhat-deploy,0.003922731576897148
